Actor1Code,Actor1Name,Actor1Geo_ADM1Code,Actor2Code,Actor2Name,Actor2Geo_ADM1Code,ActionGeo_FullName,ActionGeo_ADM1Code,Year,SQLDATE
ALB,ALBANIAN,AL,MKD,MACEDONIAN,AL,Albania,AL,2001,20010301
RWA,RWANDA,RW,,,,Rwanda,RW,2001,20011031
MIL,PARAMILITARY,US,,,,United States,US,2001,20010712
CVL,VILLAGE,AL46,,,,"Varvare, Qarku Korce, Albania",AL46,2001,20010726
CVL,POPULATION,AL,ALB,ALBANIAN,AL,"Belgrade, Serbia (general),",RB00,2001,20010304
CAF,BANGUI,CT00,GOV,GOVERNMENT,CT18,"Yakoma, , Central African Republic",CT00,2001,20010605
GOV,GOVERNMENT,,,,,,,2001,20010321
AZE,AZERBAIJAN,AJ09,,,,"Baku, Baki*, Azerbaijan",AJ09,2001,20010702
HRV,CROATIA,HR,MOS,MUSLIM,HR,,RB,2001,20011003
RUS,RUSSIA,RB,,,,,RB,2001,20010216
GBR,UNITED KINGDOM,UK,,,,United Kingdom,UK,2001,20011016
GOV,MINIST,AL,ALB,ALBANIAN,MK00,"Skopje, Macedonia (general), Macedonia",MK00,2001,20010828
ARM,ARMENIA,AM,AZE,AZERBAIJAN,AJ00,Armenia,AM,2001,20011114
NGO,NON GOVERNMENTAL ORGANIZATION,IS,PSE,PALESTINIAN,IS,Israel,IS,2001,20010901
MED,JOURNALIST,AL,,,,Albania,AL,2001,20010305
HRV,CROAT,HR,HRVCVL,CROATIA,HR,"Banja Luka, Republika Srpska, Bosnia-Herzegovina",BK02,2001,20010507
ISR,ISRAELI,IS,ISRGOV,ISRAEL,IS,Israel,IS,2001,20010918
,,,srp,SERBS,BK,Bosnia-Herzegovina,BK,2001,20010705
ALBCVL,ALBANIAN,AL,ALB,ALBANIAN,AL,Albania,AL,2001,20010705
MKD,MACEDONIAN,AL,ALB,ALBANIAN,MK00,Albania,AL,2001,20010503
PTY,DEMOCRATIC PARTY,RB,,,,,RB,2001,20010321
BTN,BHUTANESE,BT,nep,NEPALI,NP00,"Jhapa, Nepal (general), Nepal",NP00,2001,20010522
CVL,VILLAGE,NL,HRV,CROAT,NL,Netherlands,NL,2001,20011130
UIS,THE INTERNATIONAL COMMUNITY,RB,ALBCVL,ALBANIAN,AL,Albania,AL,2001,20010318
ALB,ALBANIAN,AL,,,,Albania,AL,2001,20010709
MOS,MUSLIM,HR,HRVCVL,CROAT,HR,"Banja Luka, Republika Srpska, Bosnia-Herzegovina",BK02,2001,20010507
REF,REFUGEE,MK,,,,Macedonia,MK,2001,20010228
MIL,PARAMILITARY,AL47,,,,"Novo Selo, Qarku Kukes, Albania",AL47,2001,20010712
,,,MKDGOV,MACEDONIAN,MKE3,Albania,AL,2001,20010811
ALB,ALBANIA,AL,,,,"Kumanovo, Kumanovo, Macedonia",MKD7,2001,20010909
ALB,ALBANIAN,AL,MKD,FYROM,AL,Albania,AL,2001,20010717
IGOEURSCE,OSCE,AL,MKD,MACEDONIA,MKD4,"Gostivar, Gostivar, Macedonia",MKD4,2001,20010727
BTN,BHUTANESE,BT,nep,NEPALI,BT,Bhutan,BT,2001,20010522
srp,SERBS,RB,,,,,RB,2001,20010705
GOV,PRESIDENT,AL,ALB,ALBANIAN,AL,Albania,AL,2001,20010315
IRQ,KIRKUK,TU,,,,Turkey,TU,2001,20011028
GOV,PRESIDENT,BK01,,,,"Banja, Federation of Bosnia and Herzegovina, Bosnia-Herzegovina",BK01,2001,20010109
JUD,TRIBUNAL,BK02,GOV,SECURITY COUNCIL,BK02,"Foca, Republika Srpska, Bosnia-Herzegovina",BK02,2001,20010222
ALBUAF,ALBANIAN,AL,MKDCVL,MACEDONIAN,MK,Albania,AL,2001,20010726
srp,SERBS,RB,USA,UNITED STATES,US,Croatia,HR,2001,20010930
IRN,KURDISTAN,GM,,,,Germany,GM,2001,20010109
GOV,PRESIDENT,BK02,,,,,RB,2001,20010111
JUD,PROSECUTOR,BK02,srp,SERBS,BK02,"Omarska, Republika Srpska, Bosnia-Herzegovina",BK02,2001,20011101
FRA,FRENCH,MK,FRAGOVMIL,FRANCE,MK,Macedonia,MK,2001,20010813
AFG,AFGHANISTAN,AF26,,,,"Taloqan, Takhar, Afghanistan",AF26,2001,20010316
ARM,ARMENIAN,AM,,,,Armenia,AM,2001,20010319
GOV,PRESIDENT,BK02,,,,"Banja Luka, Republika Srpska, Bosnia-Herzegovina",BK02,2001,20010111
BLR,MINSK,BO00,AZE,AZERBAIJAN,BO00,"Yerevan, Yerevan*, Armenia",AM11,2001,20010713
EGY,EGYPT,EG27,,,,"Rafah, Shamal Sina', Egypt",EG27,2001,20010415
UAF,TERRORIST ORGANIZATION,AL,ALB,ALBANIAN,AL,Albania,AL,2001,20010724
GRC,GREECE,AL,,,,United States,US,2001,20010615
srp,SERBS,HR,HRV,CROATIA,BK02,Croatia,HR,2001,20011114
GOV,GOVERNMENT,IS,ISR,ISRAEL,IS,Israel,IS,2001,20010910
SCGSRB,SERBIA,RI,,,,"Belgrade, Serbia (general),",RB00,2001,20010103
PSE,PALESTINIAN,US,,,,Israel,IS,2001,20010830
ALB,ALBANIAN,AL47,CVL,VILLAGE,AL47,"Novo Selo, Qarku Kukes, Albania",AL47,2001,20010712
ALBGOV,ALBANIA,AL,ALB,ALBANIAN,AL,Albania,AL,2001,20010314
ALB,ALBANIAN,AL,MKD,MACEDONIAN,MK00,"Ratae, Macedonia (general), Macedonia",MK00,2001,20010727
ALBCVL,ALBANIA,AL,,,,Albania,AL,2001,20010318
ALBREB,ALBANIA,AL50,,,,Macedonia,MK,2001,20010331
aar,AFAR,GR00,,,,United States,US,2001,20010615
MKD,SKOPLJE,MK00,ALB,ALBANIAN,AL,"Tanusevci, Macedonia (general), Macedonia",MK00,2001,20010227
CVL,POPULATION,RB00,ALB,ALBANIAN,AL,Albania,AL,2001,20010616
RUS,RUSSIA,RS48,ALB,ALBANIAN,RB00,"Belgrade, Serbia (general),",RB00,2001,20010617
MIL,MILITARY,AL,ALB,ALBANIAN,AL,Albania,AL,2001,20010414
MOS,MUSLIM,AF23,,,,"Mohammad Ali, Kandahar, Afghanistan",AF23,2001,20011104
MIL,COMMANDER,AL,UIS,THE INTERNATIONAL COMMUNITY,AL,Albania,AL,2001,20010414
MKD,MACEDONIA,MJ,ALB,ALBANIAN,RB00,"Belgrade, Serbia (general),",RB00,2001,20010227
SCGSRB,SERBIA,RI,,,,"Belgrade, Serbia (general),",RB00,2001,20011123
HRV,CROATIAN,HR,,,,Croatia,HR,2001,20010921
srp,SERBS,RB,,,,Israel,IS,2001,20011215
BLR,MINSK,BO00,AZE,AZERBAIJAN,AJ00,"Nagornyy Karabakh, Azerbaijan (general), Azerbaijan",AJ00,2001,20010713
MKD,MACEDONIA,NL,,,,Netherlands,NL,2001,20010627
EGY,EGYPT,EG11,ISR,ISRAEL,IS,Belgium,BE,2001,20010717
ALB,ALBANIAN,AL,ALBRAD,ALBANIA,AL,Albania,AL,2001,20010710
HRV,CROAT,HR,USA,UNITED STATES,US,Croatia,HR,2001,20010930
ISR,ISRAEL,IS02,,,,"Yibna, HaMerkaz, Israel",IS02,2001,20010830
JUD,TRIBUNAL,RB,GOV,SECURITY COUNCIL,RB,,RB,2001,20010222
TUR,TURK,TU,,,,Turkey,TU,2001,20010902
ALB,ALBANIAN,AL45,SCGSRB,SERBIA,AL45,"Elez, GjirokastëAL, Albania",AL45,2001,20010104
NLD,THE HAGUE,BK02,COP,PRISON,BK02,,YI,2001,20010731
HRV,CROATIA,HR21,,,,,RB,2001,20010716
NLDJUD,THE HAGUE,RB,,,,,RB,2001,20010109
GOV,PRESIDENT,RB,,,,,RB,2001,20010109
ALBCVL,ALBANIAN,AL47,CVL,VILLAGE,MK00,"Skopje, Macedonia (general), Macedonia",MK00,2001,20010712
MKD,MACEDONIA,MK00,,,,"Skopje, Macedonia (general), Macedonia",MK00,2001,20010322
ALBREB,ALBANIA,MKE8,MKD,MACEDONIA,MKE8,"Tetovo, Tetovo, Macedonia",MKE8,2001,20010322
MOS,MUSLIM,RB00,srp,SERBS,BK01,"Sarajevo, Federation of Bosnia and Herzegovina, Bosnia-Herzegovina",BK01,2001,20010110
che,CHECHEN,RS17,,,,"Chechen, Dagestan, Russia",RS17,2001,20010224
GOV,PRESIDENT,BK,,,,,RB,2001,20010110
NLD,THE HAGUE,BK,BEL,BRUSSELS,RB00,"Belgrade, Serbia (general),",RB00,2001,20010629
CVL,RESIDENTS,RSCI,RUS,RUSSIA,RSJA,"Sernovodsk, RSJA, Russia",RSJA,2001,20010713
TUR,TURKISH,CY,CYP,CYPRIOT,CY,Cyprus,CY,2001,20010322
CVL,VILLAGE,FI,,,,Finland,FI,2001,20010226
ALB,ALBANIAN,MK,,,,Macedonia,MK,2001,20010523
pus,PASHTUN,AF10,,,,"Hazaras, Helmand, Afghanistan",AF10,2001,20010228
MOS,MUSLIM,BM17,,,,"Arakan, Yangon, Myanmar",BM17,2001,20010219
ISR,ISRAEL,IS,,,,Israel,IS,2001,20010717
JEW,JEWISH,US,CVL,POPULATION,US,United States,US,2001,20010810
CRMJUD,CRIMINAL,YI,,,,"Srebrenica, Republika Srpska, Bosnia-Herzegovina",BK02,2001,20010626
GRC,GREEK,CH22,CYP,CYPRIOT,CH22,"Beijing, Beijing, China",CH22,2001,20010321
GOVHRI,HUMAN RIGHTS COMMISSION,ID13,,,,"Sampit, Kalimantan Tengah, Indonesia",ID13,2001,20010224
PAK,PAKISTANI,PK03,CVL,COMMUNITY,PK03,"Jammu, North-West Frontier, Pakistan",PK03,2001,20010924
MOS,MUSLIM,BK02,HRVCVL,CROATIA,RB,Croatia,HR,2001,20010507
PSE,PALESTINIAN,IS00,,,,"Jerusalem, Israel (general), Israel",IS00,2001,20010312
RUS,MOSCOW,RS48,RUSMIL,RUSSIAN,RS48,"Moscow, Moskva, Russia",RS48,2001,20010224
RWA,RWANDA,BY,BDI,BURUNDI,BY,Burundi,BY,2001,20010105
JEW,JEWISH,IS00,,,,"Jerusalem, Israel (general), Israel",IS00,2001,20010822
IRQ,IRAQI,IZ05,kur,KURD,IZ05,"Halabjah, As Sulaymaniyah, Iraq",IZ05,2001,20010731
CVL,POPULATION,KE02,,,,"Mombasa, Coast, Kenya",KE02,2001,20010114
CVL,VILLAGE,MKE8,,,,"Tetovo, Tetovo, Macedonia",MKE8,2001,20010725
GOV,PRESIDENT,RB,,,,,RB,2001,20010111
GOV,PRESIDENT,RB,,,,"Sarajevo, Federation of Bosnia and Herzegovina, Bosnia-Herzegovina",BK01,2001,20010110
FRA,FRANCE,FRA5,MOS,MUSLIM,FRA5,"Castello, Corse, France",FRA5,2001,20010110
ISRGOV,ISRAEL,IS,ISR,ISRAEL,IS,Israel,IS,2001,20010711
CHN,CANTON,RB,ALB,ALBANIAN,RB,,RB,2001,20010530
CVL,POPULATION,RB00,ALB,ALBANIAN,AL,Albania,AL,2001,20010304
PSE,PALESTINE,US,,,,United States,US,2001,20010913
HIN,HINDU,IN36,UAF,MILITANT,IN36,"Agra, Uttar Pradesh, India",IN36,2001,20010830
ALBCVL,ALBANIAN,AL,ALB,ALBANIAN,AL,"Belgrade, Serbia (general),",RB00,2001,20010209
BTNREF,BHUTANESE,BT,nep,NEPALI,NP00,"Jhapa, Nepal (general), Nepal",NP00,2001,20010522
ALB,ALBANIAN,MK,COP,POLICE,MK,Macedonia,MK,2001,20011212
ARM,ARMENIAN,AJ00,AZE,AZERBAIJANI,AJ00,"Nagornyy Karabakh, Azerbaijan (general), Azerbaijan",AJ00,2001,20010227
IRQMED,IRAQ,IZ14,IRQ,KIRKUK,IZ14,"Sahar, Maysan, Iraq",IZ14,2001,20011211
CVL,ETHNIC GROUP,NI00,,,,"Middle Belt, Nigeria (general), Nigeria",NI00,2001,20011206
GOV,PRESIDENT,AL,ALB,ALBANIAN,AL,Albania,AL,2001,20010314
IGOUNO,THE UN,AL,,,,"Belgrade, Serbia (general),",RB00,2001,20010223
ALBGOV,ALBANIA,AL,ALB,ALBANIAN,RB00,Albania,AL,2001,20010315
ISR,ISRAEL,IS,JUD,TRIBUNAL,IS,Israel,IS,2001,20010907
MOS,ISLAMIC,US,PSE,PALESTINE,BK,Bosnia-Herzegovina,BK,2001,20010830
ALB,ALBANIAN,AL,,,,Albania,AL,2001,20010523
srpCHR,SERBS,RB,IGOWSTNAT,NATO,RB,,RB,2001,20011027
JUD,TRIBUNAL,RW,,,,Rwanda,RW,2001,20010722
MKD,MACEDONIA,MK00,ALB,ALBANIA,AL42,"Tanusevci, Macedonia (general), Macedonia",MK00,2001,20010227
LEG,PARLIAMENTARIAN,NI26,,,,"Benue State, Benue, Nigeria",NI26,2001,20011026
,,,COP,POLICE,BK02,"Banja Luka, Republika Srpska, Bosnia-Herzegovina",BK02,2001,20010601
MOS,MUSLIM,BM17,MMR,MYANMAR,BM17,"Arakan, Yangon, Myanmar",BM17,2001,20010219
IGOEUREEC,THE EUROPEAN UNION,GR35,,,,"Athens, AttikíR, Greece",GR35,2001,20010729
MKD,MACEDONIA,MK00,,,,"Trebos, Macedonia (general), Macedonia",MK00,2001,20011122
NGA,NIGERIA,NI26,NGALEG,NIGERIA,NI26,United States,US,2001,20011026
PAK,PAKISTAN,PK05,UZB,UZBEK,UZ,Uzbekistan,UZ,2001,20011204
ALB,ALBANIA,AL,MIL,ARMY UNIT,AL,Albania,AL,2001,20010406
MKD,MACEDONIAN,MK,ALB,ALBANIA,AL,Albania,AL,2001,20010301
ALB,ALBANIAN,MK,MKD,MACEDONIAN,MK,Macedonia,MK,2001,20010301
IRQ,IRAQI,IZ05,IRN,IRAN,IR15,"Kalar, As Sulaymaniyah, Iraq",IZ05,2001,20010817
IRQ,IRAQ,IZ07,NGOHRIAMN,AMNESTY INTERNATIONAL,IZ07,"Baghdad, Baghdad, Iraq",IZ07,2001,20010811
MKD,MACEDONIAN,MK00,,,,"Skopje, Macedonia (general), Macedonia",MK00,2001,20010716
MOS,MUSLIM,HR,HRV,CROATIA,HR,"Bosanski Samac, Republika Srpska, Bosnia-Herzegovina",BK02,2001,20010312
CVL,POPULATION,IS,ISR,ISRAEL,IS,Israel,IS,2001,20010830
PSE,PALESTINE,IS,,,,Israel,IS,2001,20010901
AFG,KABUL,AF13,TJK,TAJIK,TI,Tajikistan,TI,2001,20011026
MKD,MACEDONIAN,MK00,,,,"Skopje, Macedonia (general), Macedonia",MK00,2001,20011213
ALBREB,ALBANIAN,MKE8,REB,INSURGENT,MKE8,"Tetovo, Tetovo, Macedonia",MKE8,2001,20010322
CVL,POPULATION,AL,ALB,ALBANIAN,RB00,Albania,AL,2001,20010617
ALB,ALBANIAN,AL,IGOWSTNATMIL,NATO,MK00,Albania,AL,2001,20010801
srp,SERBS,RB,,,,,RB,2001,20010711
CVL,ETHNIC GROUP,BK02,MOS,MUSLIM,HR,"Banja Luka, Republika Srpska, Bosnia-Herzegovina",BK02,2001,20010507
EGY,EGYPT,EG11,PSE,PALESTINIAN,IS,Israel,IS,2001,20010711
MKD,MACEDONIAN,MK54,,,,"Krusevo, Kruševo, Macedonia",MK54,2001,20010802
ALB,ALBANIAN,AL,ALBCVL,ALBANIA,AL,Albania,AL,2001,20010322
IGOUNO,THE UN,AL,,,,"Belgrade, Serbia (general),",RB00,2001,20010216
GBR,UNITED KINGDOM,UK,AZE,AZERBAIJAN,AJ61,"Xocali, Xank?ndi*, Azerbaijan",AJ61,2001,20010407
ALB,ALBANIAN,AL45,,,,"Elez, GjirokastëAL, Albania",AL45,2001,20010104
ITA,ARNO,BM17,MOS,MUSLIM,BM17,"Arakan, Yangon, Myanmar",BM17,2001,20011105
MKD,MACEDONIAN,AL,,,,Albania,AL,2001,20010608
ALBUAF,ALBANIAN,AL40,,,,"Tetove, Tetovo, Macedonia",MKE8,2001,20010729
IGOMEAARL,ARAB LEAGUE,EG11,PSE,PALESTINIAN,IS,Israel,IS,2001,20010711
PSE,PALESTINE,IR26,,,,"Tehran, Tehran, Iran",IR26,2001,20010901
MKD,MACEDONIAN,MK00,,,,"Skopje, Macedonia (general), Macedonia",MK00,2001,20010724
RUS,RUSSIA,RS48,ALB,ALBANIAN,AL,Albania,AL,2001,20010616
CVL,POPULATION,RS48,ALB,ALBANIAN,RB00,"Belgrade, Serbia (general),",RB00,2001,20010617
INDGOV,JAMMU AND KASHMIR,PK,PAK,PAKISTAN,PK,Pakistan,PK,2001,20010206
ALB,ALBANIAN,MKE8,MKD,MACEDONIA,MKE8,"Tetovo, Tetovo, Macedonia",MKE8,2001,20010322
USA,UNITED STATES,USDC,,,,"Washington, District of Columbia, United States",USDC,2001,20010510
HRV,CROATIA,HR,SCGSRB,SERBIA,RI00,"Vojvodina, , Serbia",RI00,2001,20010117
CVL,MINORITIES,RI,HRV,CROATIA,RI,Serbia,RI,2001,20010215
ALB,ALBANIAN,AL50,,,,"Tirana, Tirane, Albania",AL50,2001,20011109
znd,AZERI,AM11,,,,"Yerevan, Yerevan*, Armenia",AM11,2001,20010405
ALB,ALBANIA,AL,,,,"Skopje, Macedonia (general), Macedonia",MK00,2001,20010309
ISR,ISRAEL,IS,PSE,GAZA,GZ,Israel,IS,2001,20011018
GOV,MINIST,EG11,,,,"Kalimantan, Indonesia (general), Indonesia",ID00,2001,20010226
ISRGOV,TEL AVIV,IS05,,,,"Tel Aviv, Tel Aviv, Israel",IS05,2001,20010424
IRQ,IRAQI KURDISTAN,IZ05,,,,"Surdash, As Sulaymaniyah, Iraq",IZ05,2001,20010328
SCGSRB,SERBIA,RB00,,,,"Medvedja, , Serbia",RI00,2001,20011106
CVL,CITIZEN,IZ,,,,Iraq,IZ,2001,20010916
INT,WORLD COMMUNITY,AJ00,,,,"Nagornyy Karabakh, Azerbaijan (general), Azerbaijan",AJ00,2001,20010404
IDN,INDONESIA,ID13,mad,MADURESE,ID13,"Sampit, Kalimantan Tengah, Indonesia",ID13,2001,20010809
USA,AMERICAN,IR26,,,,"Tehran, Tehran, Iran",IR26,2001,20011103
srp,SERBS,RB00,,,,"Belgrade, Serbia (general),",RB00,2001,20010829
SCGSRB,SERBIA,RI00,,,,"Belgrade, Serbia (general),",RB00,2001,20011106
EUR,EUROPE,SF,ZWEGOV,ZIMBABWE,SF,South Africa,SF,2001,20010817
GOV,DICTATOR,BK,,,,Kosovo,KV,2001,20010702
GRC,GREEK,GR,CYPCVL,CYPRIOT,CY04,Greece,GR,2001,20010530
HRV,CROAT,HR,MOS,MUSLIM,UK,Croatia,HR,2001,20010226
IGOUNO,THE UN,RB,srp,SERBS,RB,Albania,AL,2001,20010131
GOV,GOVERNMENT,AF13,AFGCVL,AFGHANISTAN,AF13,"Kabul, Kabol, Afghanistan",AF13,2001,20011223
MKD,MACEDONIA,MKE3,ALB,ALBANIAN,AL,Albania,AL,2001,20010811
IGOUNO,THE UN,RB00,,,,"Belgrade, Serbia (general),",RB00,2001,20010216
USA,UNITED STATES,USDC,,,,"Washington, District of Columbia, United States",USDC,2001,20011107
ALB,ALBANIAN,AL,,,,Albania,AL,2001,20010322
MIL,PARAMILITARY,FR,,,,France,FR,2001,20010712
ISR,ISRAEL,IS,GOV,TOURISM MINIST,IS,Israel,IS,2001,20011022
GBR,UNITED KINGDOM,UK,AZE,AZERBAIJAN,AJ57,"Maraga, T?rt?r, Azerbaijan",AJ57,2001,20010407
AZE,AZERBAIJAN,AJ00,znd,AZERI,AJ00,"Nagornyy Karabakh, Azerbaijan (general), Azerbaijan",AJ00,2001,20010702
AFR,AFRICA,SF,ZWEGOV,ZIMBABWEAN,ZI,Zimbabwe,ZI,2001,20010814
IRQGOV,IRAQI,IZ07,IRQ,ARBIL,IZ07,"Baghdad, Baghdad, Iraq",IZ07,2001,20010817
MOS,MUSLIM,BK02,HRV,CROAT,HR,,RB,2001,20011003
IGOWSTNAT,NATO,RS48,,,,"Moscow, Moskva, Russia",RS48,2001,20010412
JUD,JUDGE,BK02,,,,"Srebrenica, Republika Srpska, Bosnia-Herzegovina",BK02,2001,20010626
CRM,CRIMINAL,RB00,,,,"Belgrade, Serbia (general),",RB00,2001,20010402
MKD,MACEDONIA,MK,,,,Macedonia,MK,2001,20010821
ISRMED,JERUSALEM POST,US,ISR,ISRAELI,US,United States,US,2001,20010703
AFG,AFGHANISTAN,AF10,,,,"Hazaras, Helmand, Afghanistan",AF10,2001,20010102
ARM,ARMENIAN,AM,AZE,AZERBAIJAN,AJ00,Armenia,AM,2001,20010319
HRV,CROAT,RB,,,,,RB,2001,20010316
CRM,CRIMINAL,RB,MOS,MUSLIM,RB,,RB,2001,20010122
GOV,GOVERNMENT,CT18,,,,"Bangui, Bangui, Central African Republic",CT18,2001,20010528
UIS,THE INTERNATIONAL COMMUNITY,IZ05,,,,"Sulaymaniyah, As Sulaymaniyah, Iraq",IZ05,2001,20010109
HRV,CROAT,HR19,,,,"Mostar, Zadarska, Croatia",HR19,2001,20010705
MILCOP,MILITARY POLICE,HR21,,,,"Zagreb, Zagreb, Grad, Croatia",HR21,2001,20010715
ALBRAD,ALBANIAN,MK00,MKD,MACEDONIA,MK00,"Kosovo, Macedonia (general), Macedonia",MK00,2001,20010219
GOV,MINIST,MK00,CVL,CITIZEN,MK00,"Skopje, Macedonia (general), Macedonia",MK00,2001,20010821
IGOEURSCE,OSCE,MKD4,MKD,MACEDONIAN,MKD4,"Gostivar, Gostivar, Macedonia",MKD4,2001,20010727
GBRMED,UNITED KINGDOM,UKU2,GBR,BRITISH,UKU2,"Dumfries, Dumfries and Galloway, United Kingdom",UKU2,2001,20010316
CVL,POPULATION,MY,PSE,PALESTINE,MY,Malaysia,MY,2001,20010810
MOS,MUSLIM,RB,,,,,RB,2001,20011009
srp,SERBS,RB,,,,"Trnopolje, Republika Srpska, Bosnia-Herzegovina",BK02,2001,20010319
RUS,RUSSIA,UK,ALB,ALBANIA,AL,Albania,AL,2001,20010617
MOS,MUSLIM,BK02,srp,SERBS,RB,,RB,2001,20010222
ALBMIL,ALBANIAN,MK00,ALB,ALBANIA,MK00,"Radusa, Macedonia (general), Macedonia",MK00,2001,20010813
MKD,MACEDONIAN,MKE3,MKDGOV,MACEDONIA,MKE3,Albania,AL,2001,20010811
MIL,ARMY,PL,COP,POLICE FORCE,PL,Poland,PL,2001,20010308
JUD,PROSECUTOR,BK02,MOS,MUSLIM,RB00,"Belgrade, Serbia (general),",RB00,2001,20010323
EGY,EGYPT,EG11,ISR,ISRAEL,BE,Belgium,BE,2001,20010717
HRV,CROAT,HR21,srp,SERBS,HR21,"Zagreb, Zagreb, Grad, Croatia",HR21,2001,20010716
NGA,NIGERIA,NI26,NGALEG,NIGERIA,NI26,"Benue State, Benue, Nigeria",NI26,2001,20011026
ALB,ALBANIAN,AL,,,,Albania,AL,2001,20010223
GOV,GOVERNMENT,AL,ALB,ALBANIA,AL,"Tehran, Tehran, Iran",IR26,2001,20010731
GOV,MINIST,AL,ALBCVL,ALBANIAN,AL,"Skopje, Macedonia (general), Macedonia",MK00,2001,20010828
NLDJUD,THE HAGUE,RB,bos,BOSNIAKS,RB,,RB,2001,20010109
MIL,MILITARY,UK,che,CHECHEN,RS17,"Chechen, Dagestan, Russia",RS17,2001,20010323
ALB,ALBANIAN,AL40,ALBUAF,ALBANIA,AL40,"Tetove, Tetovo, Macedonia",MKE8,2001,20010729
IRQ,IRAQI,IZ05,kur,KURD,IZ05,"Sulaymaniyah, As Sulaymaniyah, Iraq",IZ05,2001,20010105
ALBUAF,ALBANIAN,AL,ALB,ALBANIAN,AL,Albania,AL,2001,20010823
ALBUAF,ALBANIA,AL,MKD,MACEDONIA,MKD4,"Gostivar, Gostivar, Macedonia",MKD4,2001,20010727
PAK,PAKISTAN,IN36,UAF,MILITANT,IN36,"Kashmir, Jammu and Kashmir, India",IN12,2001,20010724
IRQ,IRAQI,IZ05,IRQGOV,IRAQ,IZ05,"Bakrajo, As Sulaymaniyah, Iraq",IZ05,2001,20011220
MKD,MACEDONIA,MK00,ALB,ALBANIAN,AL,Albania,AL,2001,20010627
MKD,MACEDONIA,MK00,,,,"Skopje, Macedonia (general), Macedonia",MK00,2001,20010719
MIL,MILITARY,RB00,HRV,CROATIA,RB00,"Belgrade, Serbia (general),",RB00,2001,20010704
REB,REBELLION,TU34,,,,"Istanbul, Istanbul, Turkey",TU34,2001,20011202
srp,SERBS,US,HRV,CROAT,US,Chile,CI,2001,20010706
AZE,AZERBAIJAN,AJ09,MOS,MUSLIM,BK,Bosnia-Herzegovina,BK,2001,20010702
BEL,BRUSSELS,BE11,,,,"Belgrade, Serbia (general),",RB00,2001,20010629
IRQ,KIRKUK,IZ07,IRQGOV,IRAQ,IZ07,"Baghdad, Baghdad, Iraq",IZ07,2001,20010707
GOV,PRESIDENT,RB00,,,,"Belgrade, Serbia (general),",RB00,2001,20010321
,,,HRV,CROATIA,HR,"Prijedor, Republika Srpska, Bosnia-Herzegovina",BK02,2001,20011012
TUR,TURK,TU,CYPGOV,CYPRUS,TU,Turkey,TU,2001,20010902
HRV,CROAT,BK02,HRVCVL,CROATIA,RB,Croatia,HR,2001,20010507
NLDJUD,THE HAGUE,BK02,GOV,MAYOR,BK02,"Bosanski Samac, Republika Srpska, Bosnia-Herzegovina",BK02,2001,20010323
CVL,VILLAGE,MK00,MKD,MACEDONIAN,MK00,"Skopje, Macedonia (general), Macedonia",MK00,2001,20010810
EUR,EUROPE,BK,,,,Bosnia-Herzegovina,BK,2001,20010425
GBRGOV,BRITISH,IT,JUDGOV,LAWYER,IT,Italy,IT,2001,20011024
UIS,THE INTERNATIONAL COMMUNITY,BK02,,,,"Republika Srpska, Republika Srpska, Bosnia-Herzegovina",BK02,2001,20010321
ITA,ITALY,IT07,NLD,THE HAGUE,IT07,"Rome, Lazio, Italy",IT07,2001,20010330
GOV,PRESIDENT,CQ,CHN,TIBET,CQ,Northern Mariana Islands,CQ,2001,20010310
srp,SERBS,US,USA,UNITED STATES,AF,Afghanistan,AF,2001,20010930
IRN,IRAN,IR26,,,,"Tehran, Tehran, Iran",IR26,2001,20011124
MKD,MACEDONIA,MK00,,,,"Ratae, Macedonia (general), Macedonia",MK00,2001,20010808
NGALEG,NIGERIA,NI26,NGA,NIGERIA,NI00,"Benue, Nigeria (general), Nigeria",NI00,2001,20011025
GOV,MAYOR,RB00,MOS,MUSLIM,HR,Bosnia-Herzegovina,BK,2001,20010312
RUS,RUSSIA,RS48,,,,"Moscow, Moskva, Russia",RS48,2001,20010817
srp,SERBS,BK,COP,DEPUTIES,RB00,Bosnia-Herzegovina,BK,2001,20010702
PAK,PAKISTAN,IN12,UAF,MILITANT,IN12,"Kashmir, Jammu and Kashmir, India",IN12,2001,20010724
IRQ,KIRKUK,IR15,IRQGOV,IRAQ,IR15,"Kurdistan, Khuzestan, Iran",IR15,2001,20010707
IRQ,IRAQI,IZ13,,,,"Kirkuk, At Ta'mim, Iraq",IZ13,2001,20011215
ALBRAD,ALBANIAN,AL,MIL,COMMANDER,AL,Albania,AL,2001,20010212
ISR,ISRAEL,IS,PSE,PALESTINIAN,IS,Israel,IS,2001,20010827
CVL,VILLAGE,BK01,,,,"Lasva, Federation of Bosnia and Herzegovina, Bosnia-Herzegovina",BK01,2001,20010226
srp,SERBS,BK02,,,,"Prijedor, Republika Srpska, Bosnia-Herzegovina",BK02,2001,20010319
CVL,ETHNIC GROUP,BK02,,,,"Banja Luka, Republika Srpska, Bosnia-Herzegovina",BK02,2001,20010507
MKD,MACEDONIAN,MKD4,,,,"Gostivar, Gostivar, Macedonia",MKD4,2001,20010727
COP,POLICE,SF02,,,,"Durban, KwaZulu-Natal, South Africa",SF02,2001,20010824
ALB,ALBANIAN,AL,,,,Albania,AL,2001,20010317
ARM,ARMENIAN,AM08,AZE,AZERBAIJANI,AJ00,"Megri, Syunik', Armenia",AM08,2001,20010227
ISRGOV,ISRAEL,IS00,ISRGOV,ARIEL SHARON,IS00,"Jerusalem, Israel (general), Israel",IS00,2001,20010711
PSEMED,PALESTINIAN,IS,ISR,ISRAEL,IS,Israel,IS,2001,20010116
GOV,PRESIDENT,BK01,,,,,RB,2001,20010110
IMGSEAMOS,MILF,RP21,MOS,MUSLIM,RP21,"Mindanao, Cebu, Philippines",RP21,2001,20011029
,,,HRV,CROAT,HR,Croatia,HR,2001,20010905
HRV,CROAT,HR,MOS,MUSLIM,BK02,,RB,2001,20011003
MILCOP,MILITARY POLICE,MKC3,,,,"Prsovce, Macedonia (general), Macedonia",MK00,2001,20011112
,,,HRV,CROAT,HR,"Amsterdam, Noord-Holland, Netherlands",NL07,2001,20010905
ALB,ALBANIA,AL,CVL,POPULATION,RB,Albania,AL,2001,20010321
ALB,ALBANIAN,NL,,,,Netherlands,NL,2001,20010627
MIL,COMMANDER,RB,,,,,RB,2001,20010319
IRN,KURDISTAN,IZ10,,,,"Muhammad Said, DiyaláZ, Iraq",IZ10,2001,20011220
RUSGOV,RUSSIAN,LG25,,,,"Riga, Riga, Latvia",LG25,2001,20010711
MKD,MACEDONIAN,MK00,,,,"Trebos, Macedonia (general), Macedonia",MK00,2001,20010423
srp,SERBS,RB00,,,,Croatia,HR,2001,20011003
RUS,RUSSIA,RSCI,RUSMIL,RUSSIA,RS48,"Moscow, Moskva, Russia",RS48,2001,20010224
srp,SERBS,BK02,,,,"Omarska, Republika Srpska, Bosnia-Herzegovina",BK02,2001,20010319
IRQ,KIRKUK,IR15,,,,"Kurdistan, Khuzestan, Iran",IR15,2001,20011228
,,,HRV,CROAT,NL07,"Amsterdam, Noord-Holland, Netherlands",NL07,2001,20010905
HRVGOV,CROATIA,HR08,HRV,CROATIA,HR08,,RB,2001,20010706
IRQ,IRAQ,IZ05,MOSSFI,SUFI,IZ05,"Dukan, As Sulaymaniyah, Iraq",IZ05,2001,20010514
MIL,MILITARY,RB00,HRV,CROATIA,HR12,"Ponte, Primorsko-Goranska, Croatia",HR12,2001,20010705
ALB,ALBANIAN,AL,MIL,MILITARY,RB00,Albania,AL,2001,20011212
UAF,TERRORIST,JA,,,,"Seoul, Soul-t'ukpyolsi, South Korea",KS11,2001,20011109
GOV,GOVERNMENT,IS,ISR,ISRAEL,IS,Israel,IS,2001,20010906
PSE,PALESTINIAN,IS,ISR,ISRAELI,IS,Israel,IS,2001,20010211
CAF,BANGUI,CT18,GOV,GOVERNMENT,CT18,"Bangui, Bangui, Central African Republic",CT18,2001,20010605
GOV,AUTHORITIES,ID00,IDN,INDONESIAN,ID00,"Borneo, Indonesia (general), Indonesia",ID00,2001,20010228
IRN,KURDISTAN,IR15,,,,"Kurdistan, Khuzestan, Iran",IR15,2001,20011214
IRQ,IRAQ,IZ13,NGOHRIAMN,AMNESTY INTERNATIONAL,IZ13,"Kirkuk, At Ta'mim, Iraq",IZ13,2001,20010811
MKD,MACEDONIA,MK00,,,,"Skopje, Macedonia (general), Macedonia",MK00,2001,20010627
CVL,VILLAGE,MK01,,,,"Aracinovo, Aracinovo, Macedonia",MK01,2001,20011114
NGALEG,NIGERIA,NI26,CVL,ETHNIC GROUP,NI00,United Kingdom,UK,2001,20011026
SCGSRB,SERBIA,RI00,,,,"Presheve, , Serbia",RI00,2001,20010104
RUS,RUSSIA,RSCI,CVL,VILLAGE,RSCI,"Sernovodsk, RSJA, Russia",RSJA,2001,20010713
,,,COP,POLICE,RB,,RB,2001,20010601
AFR,AFRICA,SF,CVL,COMMUNITY,SF,South Africa,SF,2001,20010322
ARM,ARMENIAN,AM08,,,,"Megri, Syunik', Armenia",AM08,2001,20010227
GOV,GOVERNMENT,IR26,ALB,ALBANIAN,AL,"Tehran, Tehran, Iran",IR26,2001,20010731
,,,NLD,NETHERLANDS,NL11,,RB,2001,20010105
IRN,TEHRAN,IZ,IRQ,IRAQI KURDISTAN,IZ,Iraq,IZ,2001,20010707
MOSCVL,MUSLIM,BK02,,,,"Zaric, Republika Srpska, Bosnia-Herzegovina",BK02,2001,20010910
GOV,PRIME MINISTER,IS00,PSE,PALESTINIAN,IS00,"Jerusalem, Israel (general), Israel",IS00,2001,20010312
ALBRAD,ALBANIAN,AL,,,,Albania,AL,2001,20010219
JUD,PROSECUTOR,BK01,,,,"Visegrad, Federation of Bosnia and Herzegovina, Bosnia-Herzegovina",BK01,2001,20010910
HRV,CROAT,HR21,srp,SERBS,RB,,RB,2001,20010716
che,CHECHEN,RS17,RUS,RUSSIAN,RS17,"Chechen, Dagestan, Russia",RS17,2001,20010323
MED,CORRESPONDENT,MK,MKD,MACEDONIAN,AL,Albania,AL,2001,20010726
MKD,MACEDONIAN,BU52,,,,"Tetovo, Razgrad, Bulgaria",BU52,2001,20011229
IRQ,KIRKUK,IZ13,,,,"Abd Al-Aziz, At Ta'mim, Iraq",IZ13,2001,20011228
IRQGOV,IRAQ,IZ13,IRQ,KIRKUK,IZ13,"Kirkuk, At Ta'mim, Iraq",IZ13,2001,20010907
MKDCVL,MACEDONIAN,MK00,,,,"Skopje, Macedonia (general), Macedonia",MK00,2001,20010724
NGALEG,NIGERIA,NI26,CVL,ETHNIC GROUP,NI00,"Benue, Nigeria (general), Nigeria",NI00,2001,20011026
GOV,GOVERNMENT,SO02,,,,"Mogadishu, Banaadir, Somalia",SO02,2001,20010726
ALBRAD,ALBANIA,AL,,,,Albania,AL,2001,20010218
ARM,ARMENIA,AM,ARMCVL,ARMENIA,AM,"Nagornyy Karabakh, Azerbaijan (general), Azerbaijan",AJ00,2001,20011114
LEG,LEGISLATOR,US,GOV,GOVERNMENT,NI00,"Benue, Nigeria (general), Nigeria",NI00,2001,20011025
MIL,COMMANDER,AF24,,,,"Zabul, Zabol, Afghanistan",AF28,2001,20010316
NGOHRIAMN,AMNESTY INTERNATIONAL,IR15,kur,KURD,IR15,"Kurdistan, Khuzestan, Iran",IR15,2001,20010811
JUD,TRIBUNAL,RB00,,,,"Belgrade, Serbia (general),",RB00,2001,20010630
CVL,POPULATION,RS48,,,,"Moscow, Moskva, Russia",RS48,2001,20011104
DEU,GERMANY,GM,,,,Germany,GM,2001,20010321
PSE,PALESTINIAN,IS,ISR,ISRAEL,IS,Israel,IS,2001,20010127
ALB,ALBANIAN,MK,MKD,MACEDONIA,NL,Netherlands,NL,2001,20010627
CVL,POPULATION,US,ALB,ALBANIAN,UK,United Kingdom,UK,2001,20010617
ALB,ALBANIAN,AL47,CVL,VILLAGE,MK00,"Skopje, Macedonia (general), Macedonia",MK00,2001,20010712
ZAF,DURBAN,SF02,GOV,GOVERNMENT,SF02,"Nahariya, Ha?afon, Israel",IS03,2001,20010911
ALB,ALBANIAN,AL,MKD,SKOPJE,MK00,Albania,AL,2001,20010705
PSEGOV,PALESTINIAN,IS,ISR,ISRAELI,IS,Israel,IS,2001,20010917
REL,RELIGION,RB,,,,Israel,IS,2001,20011215
RUSGOV,RUSSIAN,RS,,,,Russia,RS,2001,20010711
CVL,ETHNIC GROUP,NI00,,,,"Middle Belt, Nigeria (general), Nigeria",NI00,2001,20011219
ALBUAF,ALBANIA,AL,MKDLEG,MACEDONIA,MK00,"Ratae, Macedonia (general), Macedonia",MK00,2001,20010727
CVL,POPULATION,RB,NLDJUD,THE HAGUE,RB,,RB,2001,20010807
day,DAYAK,ID13,mad,MADURESE,ID13,"Palangkaraya, Kalimantan Tengah, Indonesia",ID13,2001,20010309
ISR,ISRAEL,IS05,PSE,PALESTINIAN,IS05,"Tel Aviv, Tel Aviv, Israel",IS05,2001,20010911
ALB,ALBANIA,AL,,,,"Skopje, Macedonia (general), Macedonia",MK00,2001,20010627
UISLEG,THE INTERNATIONAL COMMUNITY,MK00,MKD,MACEDONIAN,CH,China,CH,2001,20011211
ZWE,ZIMBABWE,AS,AGR,FARMER,AS,Australia,AS,2001,20010817
UAF,TERRORIST,MKE8,,,,"Ohrid, Ohrid, Macedonia",MKE2,2001,20010730
MOS,MUSLIM,YI,HRV,CROAT,YI,,YI,2001,20010829
MKDCOP,MACEDONIAN,MK00,MKD,MACEDONIAN,MK00,"Trebos, Macedonia (general), Macedonia",MK00,2001,20010423
MKD,MACEDONIAN,MKE2,CRM,CRIMINAL,AL,Albania,AL,2001,20011005
srp,SERBS,BK02,,,,"Republika Srpska, Republika Srpska, Bosnia-Herzegovina",BK02,2001,20010711
,,,srp,SERBS,RB,,RB,2001,20010705
MOS,MUSLIM,BK,,,,Bosnia-Herzegovina,BK,2001,20010809
MILCOP,MILITARY POLICE,YI,,,,"Zagreb, Zagreb, Grad, Croatia",HR21,2001,20010715
srp,SERBS,BK02,HRVCVL,CROAT,HR,Croatia,HR,2001,20011127
HRV,CROATIA,BK02,,,,"Bosanski Samac, Republika Srpska, Bosnia-Herzegovina",BK02,2001,20010312
MKDGOV,MACEDONIA,MK00,ALB,ALBANIAN,AL,Albania,AL,2001,20010227
MKD,SKOPLJE,MK00,ALB,ALBANIAN,AL,Albania,AL,2001,20010227
MKD,MACEDONIA,MK00,,,,"Ratae, Macedonia (general), Macedonia",MK00,2001,20010808
MKD,MACEDONIA,MK00,GOV,PRESIDENT,MK00,"Skopje, Macedonia (general), Macedonia",MK00,2001,20010725
PSE,PALESTINE,SF02,,,,"Durban, KwaZulu-Natal, South Africa",SF02,2001,20010830
ARMCVL,ARMENIAN,AM,,,,Armenia,AM,2001,20010323
CVL,VILLAGE,HR,HRV,CROAT,HR,Croatia,HR,2001,20011130
JUD,JUDGE,RB00,,,,"Belgrade, Serbia (general),",RB00,2001,20010626
ALB,ALBANIAN,AL,MKD,MACEDONIAN,MK,Albania,AL,2001,20010301
COP,POLICE,AL,ALB,ALBANIAN,AL,Albania,AL,2001,20010414
CVL,VILLAGE,BK,HRV,CROAT,HR,Croatia,HR,2001,20011130
MOS,MUSLIM,BK01,,,,"Belgrade, Serbia (general),",RB00,2001,20010110
CVL,CIVILIAN,RB00,GOV,GOVERNMENT,RB00,"Bosanski Samac, Republika Srpska, Bosnia-Herzegovina",BK02,2001,20010312
EUR,EUROPEAN,RO10,,,,"Budapest, Budapest, Hungary",HU05,2001,20011108
GOV,DICTATOR,BK,MOS,MUSLIM,BK,Kosovo,KV,2001,20010702
MOS,MUSLIM,HR,HRV,CROATIA,BK02,Croatia,HR,2001,20010616
FRAGOVMIL,FRENCH,MK,,,,Macedonia,MK,2001,20010813
GOV,REGIME,TT,,,,United States,US,2001,20010706
HRV,CROAT,BK02,MOS,MUSLIM,BK02,,RB,2001,20011003
USA,UNITED STATES,USDC,MIL,MILITARY,USDC,"White House, District of Columbia, United States",USDC,2001,20010918
ALB,ALBANIAN,BK,EUR,EUROPEAN,BK,"Texas, United States",USTX,2001,20011103
PSE,PALESTINIAN,EG11,,,,"Arab League, Al Qahirah, Egypt",EG11,2001,20010910
SCGSRB,SERBIA,RB00,,,,"Belgrade, Serbia (general),",RB00,2001,20010104
,,,HRV,CROATIA,BK02,"Prijedor, Republika Srpska, Bosnia-Herzegovina",BK02,2001,20011012
ISR,ISRAEL,IS,,,,Israel,IS,2001,20010917
CRM,CRIMINAL,LO02,,,,"Belgrade, Serbia (general),",RB00,2001,20010402
MKDCVL,MACEDONIAN,MK00,,,,Albania,AL,2001,20010724
ALB,ALBANIAN,AL,srp,SERBS,RB00,"Belgrade, Serbia (general),",RB00,2001,20010209
UAF,TERRORIST,PK,,,,Pakistan,PK,2001,20010809
srp,SERBS,BK02,MOS,MUSLIM,BK01,Croatia,HR,2001,20011127
UISLEG,THE INTERNATIONAL COMMUNITY,MK00,MKD,MACEDONIAN,MK00,"Idrizovo, Macedonia (general), Macedonia",MK00,2001,20011211
ALB,ALBANIAN,AL,IGOWSTNAT,NATO,MK00,Albania,AL,2001,20010724
HRV,CROATIA,HR04,srp,SERBS,HR04,"Brijuni, Istarska, Croatia",HR04,2001,20010807
AGR,FARMER,MK00,ALB,ALBANIAN,MK00,"Rahmanli, Macedonia (general), Macedonia",MK00,2001,20010622
MED,SPOKESMAN,PK03,PAK,PAKISTAN,PK03,"Kashmir, North-West Frontier, Pakistan",PK03,2001,20010711
ALB,ALBANIAN,AL40,MKD,MACEDONIAN,MK00,"Cipa, Berat, Albania",AL40,2001,20010531
IRQ,KIRKUK,IS00,,,,"Jerusalem, Israel (general), Israel",IS00,2001,20011226
ITA,MILAN,IT09,srp,SERBS,RB,"Bosanski Samac, Republika Srpska, Bosnia-Herzegovina",BK02,2001,20010731
MKD,MACEDONIAN,MK36,,,,Albania,AL,2001,20010908
CVL,ETHNIC GROUP,NI00,,,,"Fulani, Nigeria (general), Nigeria",NI00,2001,20011206
ALB,ALBANIAN,RS47,MKD,MACEDONIAN,RS47,"Likovo, Moskovskaya Oblast', Russia",RS47,2001,20010502
MKD,MACEDONIA,MK00,ALB,ALBANIAN,MK00,"Skopje, Macedonia (general), Macedonia",MK00,2001,20010627
IGOWSTNAT,NATO,RB00,ALB,ALBANIAN,AL,Albania,AL,2001,20010223
SCGSRB,SERBIA,RB00,,,,"Belgrade, Serbia (general),",RB00,2001,20011106
ALB,ALBANIA,AL,IGOWSTNATMIL,NATO,AL,Albania,AL,2001,20010801
ALBCVL,ALBANIAN,AL,,,,Albania,AL,2001,20010322
RUS,RUSSIA,RS48,ALB,ALBANIAN,RS48,"Moscow, Moskva, Russia",RS48,2001,20010616
,,,MIL,ARMY,RB,,RB,2001,20010319
srp,SERBS,BK02,,,,"Republika Srpska, Republika Srpska, Bosnia-Herzegovina",BK02,2001,20010705
NGALEG,NIGERIA,NI26,NGA,NIGERIA,US,"Benue State, Benue, Nigeria",NI26,2001,20011025
SCGSRB,SERBIA,RI,,,,Serbia,RI,2001,20010103
CVL,POPULATION,RI,srp,SERBS,HR,Croatia,HR,2001,20010709
ALB,ALBANIAN,AL46,MKD,MACEDONIAN,MKE2,"Korca, Qarku Korce, Albania",AL46,2001,20010601
ALB,ALBANIAN,AL46,MKD,MACEDONIAN,MKE2,"Korca, Qarku Korce, Albania",AL46,2001,20010502
srp,SERBS,RB00,COP,DEPUTIES,RB00,"Belgrade, Serbia (general),",RB00,2001,20010702
CAF,BANGUI,LY,,,,Libya,LY,2001,20010606
AZE,AZERBAIJANI,AJ00,,,,"Nagornyy Karabakh, Azerbaijan (general), Azerbaijan",AJ00,2001,20010713
srp,SERBS,BK02,,,,"Bosanski Samac, Republika Srpska, Bosnia-Herzegovina",BK02,2001,20010730
RAD,EXTREMIST,MK00,MKD,MACEDONIA,MK00,"Skopje, Macedonia (general), Macedonia",MK00,2001,20011228
MKD,MACEDONIA,MKD4,ALB,ALBANIAN,AL,Albania,AL,2001,20011213
ALB,ALBANIAN,AL,srp,SERBS,AL,Albania,AL,2001,20010218
ALB,ALBANIAN,AL,MKD,MACEDONIAN,MK,Macedonia,MK,2001,20010726
GOV,PRESIDENT,BK,,,,Bosnia-Herzegovina,BK,2001,20010111
MOS,MUSLIM,HR,HRV,CROAT,HR,Croatia,HR,2001,20010616
JUD,PROSECUTOR,BK02,,,,"Omarska, Republika Srpska, Bosnia-Herzegovina",BK02,2001,20011101
MED,NEWSPAPER,IZ15,kur,KURD,IZ15,"Barda Rash, NinawáZ, Iraq",IZ15,2001,20010730
MKD,MACEDONIAN,MK00,MKDCOP,MACEDONIA,MK00,"Trebos, Macedonia (general), Macedonia",MK00,2001,20010423
PSE,PALESTINIAN,USDC,,,,"Washington, District of Columbia, United States",USDC,2001,20010712
ALB,ALBANIA,AL,GOV,REGIME,AL,Albania,AL,2001,20010314
HRV,CROATIA,BK02,,,,,RB,2001,20011003
FRA,FRANCE,FRA5,HRV,CROAT,FRA5,"Castello, Corse, France",FRA5,2001,20010110
ISR,ISRAEL,IS05,PSE,PALESTINIAN,IS05,"Tel Aviv, Tel Aviv, Israel",IS05,2001,20010619
IRQ,IRAQI,IZ11,IRQGOV,IRAQ,IZ11,"Rawanduz, Liwa' Irbil, Iraq",IZ11,2001,20010811
MKD,MACEDONIA,MK00,ALB,ALBANIAN,MK00,"Tanusevci, Macedonia (general), Macedonia",MK00,2001,20010227
srp,SERBS,RB00,COP,DEPUTIES,BK,"Belgrade, Serbia (general),",RB00,2001,20010702
srp,SERBS,US,GOV,REGIME,TT,United States,US,2001,20010706
EGY,CAIRO,EG11,ISR,ISRAEL,IS,Israel,IS,2001,20010717
srp,SERBS,AL,ALB,ALBANIA,AL,Albania,AL,2001,20010214
NLD,THE HAGUE,AL,ALB,ALBANIAN,AL,Albania,AL,2001,20010731
MOS,MUSLIM,BK,,,,"Washington, District of Columbia, United States",USDC,2001,20010628
IRQ,IRAQ,IZ,,,,Iraq,IZ,2001,20010713
MKD,MACEDONIA,MK,,,,Macedonia,MK,2001,20010725
HRV,CROAT,US,USA,UNITED STATES,AF,Afghanistan,AF,2001,20010930
CVL,POPULATION,US,PSE,PALESTINE,US,United States,US,2001,20010828
IDN,JAKARTA,ID00,,,,"Kalimantan, Indonesia (general), Indonesia",ID00,2001,20010228
IRQ,IRAQI,IZ05,kur,KURD,IZ05,"Darband-I Khan, As Sulaymaniyah, Iraq",IZ05,2001,20010105
NGOHRIAMN,AMNESTY INTERNATIONAL,IZ13,kur,KURD,IZ13,"Kirkuk, At Ta'mim, Iraq",IZ13,2001,20010811
ALBRAD,ALBANIAN,AL,srp,SERBS,AL,Albania,AL,2001,20010218
IRQGOV,IRAQI,IZ,,,,Iraq,IZ,2001,20011229
MOS,MUSLIM,RB,COP,POLICE,BK02,"Banja Luka, Republika Srpska, Bosnia-Herzegovina",BK02,2001,20010601
ISR,ISRAEL,IS05,,,,"Tel Aviv, Tel Aviv, Israel",IS05,2001,20010412
srp,SERBS,BK,,,,Bosnia-Herzegovina,BK,2001,20010710
HRV,CROATIA,HR21,,,,"Zagreb, Zagreb, Grad, Croatia",HR21,2001,20010726
IRQ,IRAQ,IZ10,,,,"Muhammad Said, DiyaláZ, Iraq",IZ10,2001,20011023
MKD,SKOPJE,MK00,,,,"Skopje, Macedonia (general), Macedonia",MK00,2001,20011206
ALB,ALBANIAN,MK00,,,,"Skopje, Macedonia (general), Macedonia",MK00,2001,20010430
MOS,MUSLIM,RB00,,,,"Belgrade, Serbia (general),",RB00,2001,20011108
RUS,RUSSIA,US,ALB,ALBANIAN,RB00,Albania,AL,2001,20010617
SCGSRB,SERBIA,AL40,,,,"Korita, Berat, Albania",AL40,2001,20010828
CVL,RESIDENTS,ID13,mad,MADURESE,ID13,"Sampit, Kalimantan Tengah, Indonesia",ID13,2001,20010809
HRV,CROATIA,RB00,,,,"Belgrade, Serbia (general),",RB00,2001,20010301
HRV,CROAT,HR,MOS,MUSLIM,BK02,,RB,2001,20011012
haz,HAZARA,AF10,,,,"Hazaras, Helmand, Afghanistan",AF10,2001,20010102
ALB,ALBANIA,AL45,SCGSRB,SERBIA,RI00,"Presheve, , Serbia",RI00,2001,20010104
USA,WASHINGTON,USDC,USAGOV,UNITED STATES,USDC,"Washington, District of Columbia, United States",USDC,2001,20010712
ALB,ALBANIA,AL,,,,"Belgrade, Serbia (general),",RB00,2001,20010221
IGOUNOREF,THE UN,RB,,,,,RB,2001,20010221
srp,SERBS,BK02,,,,"Bosanski Samac, Republika Srpska, Bosnia-Herzegovina",BK02,2001,20010731
IRN,IRAN,IR26,,,,"Tehran, Tehran, Iran",IR26,2001,20010701
CVL,POPULATION,RB00,ALB,ALBANIAN,AL,Albania,AL,2001,20010617
IGOWSTNAT,NATO,BK,,,,Bosnia-Herzegovina,BK,2001,20010425
MED,SPOKESMAN,IN12,kas,KASHMIRI,IN12,"Kashmir, Jammu and Kashmir, India",IN12,2001,20010709
CVL,POPULATION,RB00,ALB,ALBANIAN,RS48,"Moscow, Moskva, Russia",RS48,2001,20010617
CVL,COMMUNITY,AL,IGOUNOREFHCR,UNHCR,AL,Albania,AL,2001,20010219
MKD,MACEDONIAN,MK,ALB,ALBANIAN,MK,Macedonia,MK,2001,20010627
MOS,MUSLIM,BK02,HRV,CROAT,HR,"Bosanski Samac, Republika Srpska, Bosnia-Herzegovina",BK02,2001,20010312
MKD,MACEDONIAN,MK00,ALB,ALBANIAN,AL,Albania,AL,2001,20010503
MKD,MACEDONIA,MK00,,,,"Vejce, Macedonia (general), Macedonia",MK00,2001,20011122
COP,DEPUTIES,BK,,,,"Belgrade, Serbia (general),",RB00,2001,20010702
MKD,MACEDONIAN,UK,,,,United Kingdom,UK,2001,20010727
AGR,FARMER,MK00,ALB,ALBANIAN,AL48,"Sanxhak, Qarku i Lezhes, Albania",AL48,2001,20010622
MKD,MACEDONIA,GM,UAF,TERRORIST,MK,Macedonia,MK,2001,20010728
MKD,MACEDONIAN,MK,CVL,VILLAGE,MK,Macedonia,MK,2001,20010826
RUS,RUSSIA,RS48,ALB,ALBANIAN,AL,Albania,AL,2001,20010617
ALB,ALBANIAN,AL,MKD,MACEDONIA,AL,Albania,AL,2001,20010601
IRN,KURDISTAN,IZ05,,,,"Sulaymaniyah, As Sulaymaniyah, Iraq",IZ05,2001,20010202
MOS,MUSLIM,MK00,MKD,SKOPJE,MK00,"Skopje, Macedonia (general), Macedonia",MK00,2001,20010829
RUS,TATARSTAN,RS12,RUSPTY,RUSSIA,RS12,Afghanistan,AF,2001,20011128
UIS,THE INTERNATIONAL COMMUNITY,AL,,,,Albania,AL,2001,20010516
ALB,ALBANIAN,AL,UIS,THE INTERNATIONAL COMMUNITY,RB00,Albania,AL,2001,20010317
srp,SERBS,RB,,,,,RB,2001,20010621
PTY,POLITICIAN,YI,,,,,YI,2001,20010629
CVL,CIVILIAN,BK02,GOV,GOVERNMENT,RB00,"Belgrade, Serbia (general),",RB00,2001,20010312
HRVGOV,CROATIAN,HR08,srp,SERBS,RB,,RB,2001,20010706
ZAF,DURBAN,SF02,ISR,ISRAELI,IS03,"Durban, KwaZulu-Natal, South Africa",SF02,2001,20010911
MIL,ARMY,PL,COP,POLICE FORCE,MK00,Poland,PL,2001,20010308
MED,MEDIA,MK00,ALBCVL,ALBANIAN,AL,Albania,AL,2001,20010820
UAF,TERRORIST,MK00,,,,"Gajre, Macedonia (general), Macedonia",MK00,2001,20010730
MOS,ISLAMIC,MK00,CVL,VILLAGE,MK00,"Skopje, Macedonia (general), Macedonia",MK00,2001,20010514
GOV,GOVERNMENT,SF02,ISR,ISRAEL,IS,Israel,IS,2001,20010910
AFR,AFRICA,SF02,ZAF,DURBAN,SF02,"Durban, KwaZulu-Natal, South Africa",SF02,2001,20010726
CVL,POPULATION,USDC,PSE,PALESTINE,USDC,"Washington, District of Columbia, United States",USDC,2001,20010704
MIL,COMMANDER,HR,,,,Croatia,HR,2001,20010319
IDN,JAKARTA,ID00,COP,POLICE,ID00,"Kalimantan, Indonesia (general), Indonesia",ID00,2001,20010228
PSE,PALESTINIAN,IS00,ISRGOV,ARIEL SHARON,IS00,"Arab League, Al Qahirah, Egypt",EG11,2001,20010711
MOS,MUSLIM,MK00,MKD,SKOPJE,MK00,"Vardar, Macedonia (general), Macedonia",MK00,2001,20010829
ALB,ALBANIA,AL50,,,,"Belgrade, Serbia (general),",RB00,2001,20010112
TUR,TURKEY,TU68,kur,KURD,IZ15,"Sinjar, NinawáZ, Iraq",IZ15,2001,20010730
ARM,ARMENIA,AM,AZE,AZERBAIJAN,AM,"Nagornyy Karabakh, Azerbaijan (general), Azerbaijan",AJ00,2001,20011114
CVL,POPULATION,RB,ALB,ALBANIAN,RB,,RB,2001,20010228
MIL,MILITARY,RS17,che,CHECHEN,RS17,"Chechen, Dagestan, Russia",RS17,2001,20010323
ISR,ISRAEL,SF02,PSE,PALESTINIAN,SF02,"Durban, KwaZulu-Natal, South Africa",SF02,2001,20010827
SDN,SUDAN,SU29,nba,NUBA,SU29,"Khartoum, Al Khartum, Sudan",SU29,2001,20010528
ISRMED,JERUSALEM POST,USDC,ISR,ISRAELI,USDC,"Washington, District of Columbia, United States",USDC,2001,20010703
UIS,THE INTERNATIONAL COMMUNITY,BK,,,,Bosnia-Herzegovina,BK,2001,20011003
HRV,CROAT,HR19,MOS,MUSLIM,HR19,"Mostar, Zadarska, Croatia",HR19,2001,20010705
srp,SERBS,HR21,,,,,RB,2001,20010504
HRV,CROATIA,RI00,SCGSRB,SERBIA,RI00,"Vojvodina, , Serbia",RI00,2001,20010117
AFR,AFRICA,SF02,ISR,ISRAEL,IS03,"Nahariya, Ha?afon, Israel",IS03,2001,20010911
GBR,BRITAIN,UKE4,,,,"Essex, Essex, United Kingdom",UKE4,2001,20010328
srp,SERBS,BK02,HRV,CROAT,HR,Croatia,HR,2001,20011127
CVL,POPULATION,BK02,srp,SERBS,RB00,"Belgrade, Serbia (general),",RB00,2001,20010709
MOSSFI,SUFI,IZ18,IRQ,IRAQI,IZ18,"Tuz Khurmatu, Sala? ad Din, Iraq",IZ18,2001,20010325
PAK,PAKISTANI,PK04,CVL,COMMUNITY,PK04,"Lahore, Punjab, Pakistan",PK04,2001,20010618
srp,SERBS,RB00,,,,"Belgrade, Serbia (general),",RB00,2001,20011003
MED,CORRESPONDENT,AL,MKD,MACEDONIAN,MK,Macedonia,MK,2001,20010726
MOS,MUSLIM,FI,CVL,VILLAGE,FI,Finland,FI,2001,20010226
ALB,ALBANIAN,MK,MKDGOV,MACEDONIAN,MK,Macedonia,MK,2001,20010301
MOS,MUSLIM,BK01,srp,SERBS,RB00,"Belgrade, Serbia (general),",RB00,2001,20010110
HRV,CROAT,BK02,srp,SERBS,BK02,"Susica, Republika Srpska, Bosnia-Herzegovina",BK02,2001,20010222
IRQ,IRAQI,IZ05,GOV,MINIST,IZ05,"Halabja, As Sulaymaniyah, Iraq",IZ05,2001,20010919
IRQGOV,IRAQI,IZ13,,,,"Kirkuk, At Ta'mim, Iraq",IZ13,2001,20011229
MKDGOV,MACEDONIAN,MK00,MED,SPOKESMAN,MK00,"Skopje, Macedonia (general), Macedonia",MK00,2001,20010725
NGALEG,NIGERIA,NI26,CVL,ETHNIC GROUP,NI26,United States,US,2001,20011026
IDN,KALIMANTAN,ID12,,,,"South Kalimantan, Kalimantan Selatan, Indonesia",ID12,2001,20010228
CVL,MINORITIES,PK05,,,,"Kathwari, Sindh, Pakistan",PK05,2001,20010808
ARM,ARMENIA,AM,ARMCVL,ARMENIA,AM,Armenia,AM,2001,20011114
AZE,AZERBAIJANI,AJ00,AZECVL,AZERBAIJAN,AJ00,"Nagornyy Karabakh, Azerbaijan (general), Azerbaijan",AJ00,2001,20010428
IRQ,IRAQI,IZ11,IRN,KURDISTAN,IZ11,"Nazanin, Liwa' Irbil, Iraq",IZ11,2001,20010328
,,,EUR,EUROPEAN,ZI05,"Mashonaland West, Mashonaland West, Zimbabwe",ZI05,2001,20010817
MKD,MACEDONIA,AL,ALB,ALBANIAN,AL,Albania,AL,2001,20010503
GOV,GOVERNMENT,BK02,,,,"Prijedor, Republika Srpska, Bosnia-Herzegovina",BK02,2001,20010715
LEG,PARLIAMENTARIAN,NI26,NGA,NIGERIA,NI26,"Taraba State, Taraba, Nigeria",NI43,2001,20011026
LEG,PARLIAMENTARIAN,NI43,NGA,NIGERIA,NI43,"Benue State, Benue, Nigeria",NI26,2001,20011026
NGO,NON GOVERNMENTAL ORGANIZATION,GM,PSE,PALESTINIAN,IS,Germany,GM,2001,20010901
znd,AZERI,AJ09,,,,"Baku, Baki*, Azerbaijan",AJ09,2001,20010404
HRV,CROAT,BK02,,,,"Zaric, Republika Srpska, Bosnia-Herzegovina",BK02,2001,20010910
IRQ,IRAQI,IZ05,kur,KURD,IZ05,"Darband-I Khan, As Sulaymaniyah, Iraq",IZ05,2001,20010731
USA,UNITED STATES,USDC,IGOMEAARL,ARAB LEAGUE,USDC,"Washington, District of Columbia, United States",USDC,2001,20010712
,,,srp,SERBS,RB,,RB,2001,20010704
MKDGOV,MACEDONIA,MK00,ALB,ALBANIAN,AL,"Tanusevci, Macedonia (general), Macedonia",MK00,2001,20010227
ALB,ALBANIA,RB00,SCGSRB,SERBIA,RB00,"Belgrade, Serbia (general),",RB00,2001,20010104
ALB,ALBANIA,AL,,,,Albania,AL,2001,20010909
PSE,PALESTINIAN,EG11,IGOMEAARL,ARAB LEAGUE,EG11,"Arab League, Al Qahirah, Egypt",EG11,2001,20010711
GOV,PRESIDENT,MK00,,,,"Skopje, Macedonia (general), Macedonia",MK00,2001,20010406
CVL,SETTLEMENT,SF02,AFR,AFRICA,SF02,"Durban, KwaZulu-Natal, South Africa",SF02,2001,20010725
,,,srp,SERBS,NL10,"Republika Srpska, Republika Srpska, Bosnia-Herzegovina",BK02,2001,20010704
GOV,MAYOR,RB00,HRV,CROAT,HR,Bosnia-Herzegovina,BK,2001,20010313
JUD,TRIBUNAL,RB00,GOV,GOVERNMENT,RB00,"Belgrade, Serbia (general),",RB00,2001,20010313
ARM,ARMENIA,AM,AZE,AZERBAIJAN,AM,Armenia,AM,2001,20010319
srp,SERBS,SZ,HRV,CROATIA,SZ,Switzerland,SZ,2001,20011114
PSE,PALESTINE,US,,,,United States,US,2001,20010830
ALB,ALBANIAN,AL40,,,,"Manastir, Berat, Albania",AL40,2001,20010729
MKDCVL,MACEDONIAN,MK00,CVL,VILLAGE,MK00,"Jazince, Macedonia (general), Macedonia",MK00,2001,20010725
MOS,MUSLIM,MK00,MKD,SKOPJE,MK00,"Skopje, Macedonia (general), Macedonia",MK00,2001,20010829
IRQ,IRAQI,UKH9,IRN,IRAN,IZ12,"London, London, City of, United Kingdom",UKH9,2001,20010817
PSE,PALESTINIAN,USME,,,,"Cairo, Al Qahirah, Egypt",EG11,2001,20010213
MKD,MACEDONIA,AL,ALB,ALBANIA,AL,"Mariovo, Macedonia (general), Macedonia",MK00,2001,20011217
srpCRM,SERBS,RB,MOS,MUSLIM,RB,,RB,2001,20010122
ALBUAF,ALBANIAN,AL40,,,,"Manastir, Berat, Albania",AL40,2001,20010729
GOV,GOVERNMENT,CT18,,,,"Bangui, Bangui, Central African Republic",CT18,2001,20010605
COP,DEPUTY,RS48,RUSMIL,RUSSIA,RS48,"Moscow, Moskva, Russia",RS48,2001,20010224
srp,SERBS,BK02,,,,"Zaric, Republika Srpska, Bosnia-Herzegovina",BK02,2001,20010730
PTY,POLITICIAN,BK02,JUD,TRIBUNAL,BK02,"Republika Srpska, Republika Srpska, Bosnia-Herzegovina",BK02,2001,20011008
PTY,DEMOCRATIC PARTY,HR21,,,,"Zagreb, Zagreb, Grad, Croatia",HR21,2001,20010726
MKD,MACEDONIA,MK00,,,,"Skopje, Macedonia (general), Macedonia",MK00,2001,20010803
MKD,MACEDONIAN,MK00,MKDCVL,MACEDONIA,MK00,"Skopje, Macedonia (general), Macedonia",MK00,2001,20010724
NGA,NIGERIAN,NI50,,,,"Rivers State, Rivers, Nigeria",NI50,2001,20010618
ALB,ALBANIAN,MK00,GOV,GOVERNMENT,MK00,"Tanusevci, Macedonia (general), Macedonia",MK00,2001,20010228
NGA,NIGERIA,NI26,LEG,LEGISLATOR,US,United States,US,2001,20011026
GOV,MAYOR,RB00,MOS,MUSLIM,HR,Bosnia-Herzegovina,BK,2001,20010313
MKD,MACEDONIAN,AL,ALBMED,ALBANIA,AL,Albania,AL,2001,20010301
HRV,CROAT,HR,,,,Croatia,HR,2001,20010929
IRQGOV,IRAQI,IZ,IRQ,KIRKUK,IZ,Iraq,IZ,2001,20011223
srp,SERBS,BK02,HRV,CROAT,BK01,Croatia,HR,2001,20011127
IRQGOV,IRAQI,IZ05,IRN,KURDISTAN,IR15,"Kalar, As Sulaymaniyah, Iraq",IZ05,2001,20010817
CHE,SWITZERLAND,SZ07,,,,Macedonia,MK,2001,20010725
,,,COP,POLICE CHIEF,BK02,"Bosanski Samac, Republika Srpska, Bosnia-Herzegovina",BK02,2001,20010730
srp,SERBS,RB,,,,,RB,2001,20010710
ARM,ARMENIAN,AM,,,,Armenia,AM,2001,20010327
IRN,IRAN,IR15,GOV,GOVERNMENT,IZ05,"Kurdistan, Khuzestan, Iran",IR15,2001,20010726
IRQ,KIRKUK,IZ13,IRQGOV,IRAQI,IZ13,"Kirkuk, At Ta'mim, Iraq",IZ13,2001,20010807
RUS,RUSSIAN,AF30,TJK,TAJIK,AF30,"Mazar-E Sharif, Balkh, Afghanistan",AF30,2001,20011020
srp,SERBS,RB00,,,,"Belgrade, Serbia (general),",RB00,2001,20011207
JUD,LAWYER,CA10,,,,"Mugesera, Est, Rwanda",RW11,2001,20010412
UAF,TERRORIST,MKE2,,,,"Ohrid, Ohrid, Macedonia",MKE2,2001,20010730
RUS,RUSSIA,RS48,PSE,PALESTINIAN,RS48,"Moscow, Moskva, Russia",RS48,2001,20010906
NLDJUD,THE HAGUE,RB,srp,SERBS,RB,,RB,2001,20010109
GOV,PRESIDENT,NI00,MIL,COMMANDER,NI00,"Abako, Nigeria (general), Nigeria",NI00,2001,20011105
NGA,NIGERIA,NI43,,,,"Taraba State, Taraba, Nigeria",NI43,2001,20011106
AFR,AFRICA,SF02,ZAF,DURBAN,SF02,"Durban, KwaZulu-Natal, South Africa",SF02,2001,20010725
TUR,TURKEY,TU68,kur,KURD,SF,South Africa,SF,2001,20010730
ALB,ALBANIA,AL,CVL,POPULATION,AL,Albania,AL,2001,20010321
ALB,ALBANIAN,AL,,,,Albania,AL,2001,20010617
ALB,ALBANIAN,AL,,,,Albania,AL,2001,20010727
srp,SERBS,RB,,,,,RB,2001,20010504
PAK,PAKISTAN,UZ,UZB,UZBEKISTAN,AF,Afghanistan,AF,2001,20011204
MKD,MACEDONIAN,MK00,,,,"Trebos, Macedonia (general), Macedonia",MK00,2001,20011122
ALB,ALBANIAN,AL,,,,Albania,AL,2001,20010316
PTY,DEMOCRATIC PARTY,HR21,HRV,CROATIA,HR21,"Zagreb, Zagreb, Grad, Croatia",HR21,2001,20010726
,,,HRV,CROATIA,HR,"Sarajevo, Federation of Bosnia and Herzegovina, Bosnia-Herzegovina",BK01,2001,20010224
ALB,ALBANIAN,AL,,,,Albania,AL,2001,20010430
GOV,REGIME,RI,MOS,MUSLIM,RI,Serbia,RI,2001,20011008
IGOUNO,THE UN,IZ07,,,,"Baghdad, Baghdad, Iraq",IZ07,2001,20010415
MKD,MACEDONIA,MKE8,UIS,THE INTERNATIONAL COMMUNITY,RI,Serbia,RI,2001,20010410
NGOHRI,HUMAN RIGHTS ORGANIZATION,RS17,RUS,CHECHNYA,RS17,"Chechen, Dagestan, Russia",RS17,2001,20010119
srp,SERBS,BK01,,,,"Republika Srpska, Republika Srpska, Bosnia-Herzegovina",BK02,2001,20010905
MOS,MUSLIM,BM17,GOVMIL,MILITARY JUNTA,BM17,"Arakan, Yangon, Myanmar",BM17,2001,20010219
PSE,PALESTINIAN,EG11,EGY,EGYPT,EG11,"Arab League, Al Qahirah, Egypt",EG11,2001,20010711
CVL,COMMUNITY,NI00,,,,"Zaki Biam, Nigeria (general), Nigeria",NI00,2001,20011024
NGALEG,NIGERIA,NI26,CVL,ETHNIC GROUP,NI26,"Benue State, Benue, Nigeria",NI26,2001,20011026
MOS,ISLAMIC,US,MOS,MUSLIM,BK,Bosnia-Herzegovina,BK,2001,20010830
CVL,MINORITIES,RB00,HRV,CROATIA,HR,"Belgrade, Serbia (general),",RB00,2001,20010215
JUD,LAWYER,CA,,,,"Mugesera, Est, Rwanda",RW11,2001,20010412
CRM,PERPETRATOR,RB,UIS,THE INTERNATIONAL COMMUNITY,RB,,RB,2001,20010205
NLD,THE HAGUE,RI,BEL,BRUSSELS,RI,Serbia,RI,2001,20010629
znd,AZERI,AM11,,,,"Yerevan, Yerevan*, Armenia",AM11,2001,20010404
CVL,COMMUNITY,RB00,IGOUNOREFHCR,UNHCR,RB00,"Belgrade, Serbia (general),",RB00,2001,20010219
CVL,SETTLEMENT,SF02,ZAF,DURBAN,SF02,"Durban, KwaZulu-Natal, South Africa",SF02,2001,20010725
SCGSRB,SERBIA,RI00,,,,"Mesic, , Serbia",RI00,2001,20010207
ALB,ALBANIAN,MK,,,,Macedonia,MK,2001,20011212
IRQ,IRAQI,TU,,,,Turkey,TU,2001,20011220
MOS,MUSLIM,BK02,HRV,CROAT,BK02,"Bosanski Samac, Republika Srpska, Bosnia-Herzegovina",BK02,2001,20010312
MKD,MACEDONIAN,MK00,,,,"Tanusevci, Macedonia (general), Macedonia",MK00,2001,20010825
IGOEUREECGOV,THE EU,MK00,MKD,MACEDONIA,MK00,"Skopje, Macedonia (general), Macedonia",MK00,2001,20011211
IGOUNO,THE UN,RB00,,,,"Belgrade, Serbia (general),",RB00,2001,20010223
MOS,MUSLIM,HR,HRV,CROATIA,HR,,RB,2001,20011003
ISRGOV,ISRAELI,IS,,,,Israel,IS,2001,20010918
PSE,PALESTINIAN,IS,,,,Israel,IS,2001,20010127
,,,MKDGOV,MACEDONIA,MKE3,"Prilep, Opstina Prilep, Macedonia",MKE3,2001,20010811
MED,MEDIA,AL,MKD,MACEDONIA,MK00,"Skopje, Macedonia (general), Macedonia",MK00,2001,20010725
IRQ,IRAQ,IZ,kur,KURD,IZ,Iraq,IZ,2001,20010729
INT,INTERNATIONAL COMMUNITY,MK,ALB,ALBANIAN,AL,Albania,AL,2001,20011128
IGOWSTNAT,NATO,RS,,,,Russia,RS,2001,20010412
ALB,ALBANIA,YI,IGOWSTNAT,NATO,YI,,YI,2001,20010423
MKD,MACEDONIAN,MKE2,MKDGOV,MACEDONIA,MKE2,"Ohrid, Ohrid, Macedonia",MKE2,2001,20010601
LEG,LEGISLATOR,NI26,GOV,GOVERNMENT,NI26,"Benue, Nigeria (general), Nigeria",NI00,2001,20011025
MIL,MILITARY,RB00,MOS,MUSLIM,HR12,"Ponte, Primorsko-Goranska, Croatia",HR12,2001,20010704
ISR,ISRAEL,IS,PSE,GAZA,IS,Israel,IS,2001,20011018
MKD,MACEDONIA,MK,CVL,RESIDENTS,MK,Macedonia,MK,2001,20010228
MED,SPOKESMAN,UKU2,GBR,BRITISH,UKU2,"Dumfries, Dumfries and Galloway, United Kingdom",UKU2,2001,20010316
MKD,MACEDONIA,GM,UAF,TERRORIST,GM,Macedonia,MK,2001,20010728
ISR,ISRAELI,IS00,,,,"Jerusalem, Israel (general), Israel",IS00,2001,20010826
srp,SERBS,RB00,,,,Serbia,RI,2001,20010215
GOV,PRESIDENT,YI,,,,"Sarajevo, Federation of Bosnia and Herzegovina, Bosnia-Herzegovina",BK01,2001,20010109
MKD,MACEDONIAN,MK00,MKDCVL,MACEDONIA,MK00,"Jazince, Macedonia (general), Macedonia",MK00,2001,20010725
PSE,WEST BANK,WE00,ISR,ISRAELI,IS00,,RB,2001,20010621
IGOWSTNAT,NATO,AL,ALB,ALBANIAN,RB00,"Belgrade, Serbia (general),",RB00,2001,20010223
srp,SERBS,US,HRV,CROAT,US,United States,US,2001,20010706
IGOEUREEC,THE EUROPEAN UNION,IS00,,,,"Jerusalem, Israel (general), Israel",IS00,2001,20010224
CVL,POPULATION,IS00,PSE,PALESTINE,IS00,"Jerusalem, Israel (general), Israel",IS00,2001,20010704
srp,SERBS,RB,,,,,RB,2001,20010319
GOV,PRESIDENT,BK01,,,,,RB,2001,20010109
OPP,PRISONER,BK02,,,,"Prijedor, Republika Srpska, Bosnia-Herzegovina",BK02,2001,20010317
MOS,MUSLIM,BK02,,,,"Prijedor, Republika Srpska, Bosnia-Herzegovina",BK02,2001,20011108
SIK010,KHALSA,PK05,HIN,HINDU,PK05,"Lashkar, Sindh, Pakistan",PK05,2001,20010309
HRV,CROATIAN,RB,HRVCVL,CROATIA,HR21,,RB,2001,20010504
IRQGOV,IRAQI,IZ11,kur,KURD,IZ11,"Rawanduz, Liwa' Irbil, Iraq",IZ11,2001,20010811
CVL,VILLAGE,MK00,MKD,MACEDONIAN,MK00,"Skopje, Macedonia (general), Macedonia",MK00,2001,20010811
JEW,JEWISH,SF02,,,,"Durban, KwaZulu-Natal, South Africa",SF02,2001,20010822
IGOWSTNAT,NATO,AL,ALB,ALBANIAN,AL,Albania,AL,2001,20011104
PSE,PALESTINIAN,IS,IGOMEAARL,ARAB LEAGUE,EG11,"Arab League, Al Qahirah, Egypt",EG11,2001,20010711
SCGSRB,SERBIA,RI,,,,Serbia,RI,2001,20010225
HRV,CROAT,BK02,MOS,MUSLIM,BK02,"Prijedor, Republika Srpska, Bosnia-Herzegovina",BK02,2001,20011012
IRQ,KIRKUK,IZ13,,,,"Kirkuk, At Ta'mim, Iraq",IZ13,2001,20010807
MKD,MACEDONIAN,MK00,,,,"Skopje, Macedonia (general), Macedonia",MK00,2001,20010828
MIL,MILITARY,RB00,MOS,MUSLIM,BK01,"Ponte, Primorsko-Goranska, Croatia",HR12,2001,20010704
nai,NATIVE AMERICAN,USDC,USA,AMERICAN,USDC,"Washington, District of Columbia, United States",USDC,2001,20011107
IGOWSTNAT,NATO,AL,,,,Albania,AL,2001,20010322
JEW,JEWISH,IS,CVL,POPULATION,IS,Israel,IS,2001,20010810
HRV,CROATIA,SZ,,,,Croatia,HR,2001,20011114
srp,SERBS,RB00,,,,"Belgrade, Serbia (general),",RB00,2001,20011123
GOV,PRESIDENT,RB00,,,,"Banja Luka, Republika Srpska, Bosnia-Herzegovina",BK02,2001,20010110
COP,POLICE,SF06,,,,"Pretoria, Gauteng, South Africa",SF06,2001,20010824
CVL,VILLAGE,BK,HRV,CROATIA,BK,Croatia,HR,2001,20011130
MED,MEDIA,KE,SCGSRB,SERBIA,KE,Kenya,KE,2001,20011110
MED,SPOKESMAN,IN12,HIN,HINDU,IN12,"Kashmir, Jammu and Kashmir, India",IN12,2001,20010709
MKD,MACEDONIAN,MK00,,,,"Dolno Orasje, Macedonia (general), Macedonia",MK00,2001,20011224
MKD,MACEDONIA,MKE8,,,,"Skopje, Macedonia (general), Macedonia",MK00,2001,20010725
che,CHECHEN,RS17,RUS,RUSSIA,RS17,"Chechen, Dagestan, Russia",RS17,2001,20010224
EDU,SCHOOL,USDC,,,,"Capitol Hill, District of Columbia, United States",USDC,2001,20010518
EUR,EUROPE,USDC,USAGOV,UNITED STATES,USDC,"Washington, District of Columbia, United States",USDC,2001,20010712
srp,SERBS,RB,,,,"Zaric, Republika Srpska, Bosnia-Herzegovina",BK02,2001,20010731
NGA,NIGERIA,NI43,CVL,ETHNIC GROUP,NI43,"Taraba State, Taraba, Nigeria",NI43,2001,20011104
,,,HRV,CROAT,HR,Croatia,HR,2001,20010224
RUS,RUSSIAN,RS,RUSGOV,RUSSIA,RS,Russia,RS,2001,20010711
MOSCVL,MUSLIM,BK01,,,,"Visegrad, Federation of Bosnia and Herzegovina, Bosnia-Herzegovina",BK01,2001,20010910
MKD,MACEDONIA,MK00,,,,"Neprosteno, Macedonia (general), Macedonia",MK00,2001,20011214
GOV,REGIME,RB00,,,,"Belgrade, Serbia (general),",RB00,2001,20010314
GOV,PRESIDENT,RB00,,,,"Belgrade, Serbia (general),",RB00,2001,20010110
MKD,MACEDONIA,AL,ALB,ALBANIAN,AL,Albania,AL,2001,20010511
HRV,CROATIA,HR,,,,Croatia,HR,2001,20010713
LBR,LIBERIA,LI,EDU,SCHOOL,TS,"Hu-Ssein, Maputo, Mozambique",MZ04,2001,20010518
CVL,VILLAGE,MK00,,,,"Zilce, Macedonia (general), Macedonia",MK00,2001,20010725
CVL,POPULATION,MK00,,,,"Skopje, Macedonia (general), Macedonia",MK00,2001,20010810
COP,POLICE,MK00,,,,"Slupcane, Macedonia (general), Macedonia",MK00,2001,20010518
UAF,MILITIA,IT,,,,Italy,IT,2001,20010930
CVL,VILLAGE,MK00,,,,"Otunje, Macedonia (general), Macedonia",MK00,2001,20010726
RUS,RUSSIA,RS48,ALB,ALBANIAN,RS48,"Belgrade, Serbia (general),",RB00,2001,20010617
UAF,TERRORIST,USGA,USA,UNITED STATES,USGA,"Georgia, United States",USGA,2001,20011210
IGOEURSCE,OSCE,AL,ALBUAF,ALBANIAN,AL,Albania,AL,2001,20010727
MOS,MUSLIM,IS,,,,Israel,IS,2001,20010826
HRV,CROATIA,US,,,,United States,US,2001,20010706
PSE,WEST BANK,WE,,,,West Bank,WE,2001,20010917
ITA,ARNO,BM17,MMR,MYANMAR,BM17,"Arakan, Yangon, Myanmar",BM17,2001,20011105
MKDGOV,MACEDONIA,MK00,,,,"Skopje, Macedonia (general), Macedonia",MK00,2001,20010724
JUD,LAWYER,RW11,,,,"Mugesera, Est, Rwanda",RW11,2001,20010412
ALB,ALBANIAN,AL,,,,Albania,AL,2001,20010607
GOV,GOVERNMENT,CT18,,,,Mali,ML,2001,20010528
MKD,MACEDONIAN,MKE8,,,,"Tetove, Tetovo, Macedonia",MKE8,2001,20010729
MKD,MACEDONIA,MKE3,ALB,ALBANIAN,AL,"Prilep, Opstina Prilep, Macedonia",MKE3,2001,20010811
HRV,CROATIA,HR,USA,UNITED STATES,US,United States,US,2001,20010930
AFG,AFGHANISTAN,AF13,JUD,ADVOCATE,AF13,"Kabul, Kabol, Afghanistan",AF13,2001,20010912
IGOWSTNAT,NATO,BK,ALB,ALBANIA,AL,Albania,AL,2001,20011104
UAF,TERRORIST,MKD4,MKD,MACEDONIAN,MKD4,"Gostivar, Gostivar, Macedonia",MKD4,2001,20010727
srp,SERBS,RB00,,,,"Belgrade, Serbia (general),",RB00,2001,20010504
AZE,AZERBAIJAN,AJ,REF,REFUGEE,AJ,Azerbaijan,AJ,2001,20010517
HRV,CROATIA,HR,,,,Croatia,HR,2001,20010520
IGOUNO,THE SECURITY COUNCIL,BK01,JUD,TRIBUNAL,BK01,"Sarajevo, Federation of Bosnia and Herzegovina, Bosnia-Herzegovina",BK01,2001,20010222
GOV,PRESIDENT,BK02,,,,"Belgrade, Serbia (general),",RB00,2001,20010110
ALB,ALBANIA,MK00,MKD,MACEDONIAN,MK00,"Cipa, Berat, Albania",AL40,2001,20010531
UAF,TERRORIST,MKD4,,,,"Gostivar, Gostivar, Macedonia",MKD4,2001,20010317
ZAF,DURBAN,SF02,ISR,ISRAELI,IS03,"Nahariya, Ha?afon, Israel",IS03,2001,20010911
RUS,TATARSTAN,AF,RUSPTY,RUSSIA,RS12,Afghanistan,AF,2001,20011128
MED,CORRESPONDENT,AL,MKDCVL,MACEDONIAN,MK,Albania,AL,2001,20010726
ARM,ARMENIAN,AM,AZE,AZERBAIJAN,AM,Armenia,AM,2001,20010316
IRQ,KIRKUK,GM04,,,,"Hamburg, Hamburg, Germany",GM04,2001,20011023
IRQ,KIRKUK,AM,,,,Armenia,AM,2001,20011118
RWA,RWANDA,RW,,,,Rwanda,RW,2001,20010919
AGR,FARM WORKER,ZA03,GOV,GOVERNMENT,ZA03,"Mbima, Western, Zambia",ZA03,2001,20010831
MKD,MACEDONIA,AL,,,,Albania,AL,2001,20010725
ALBREB,ALBANIAN,AL,IGOWSTNAT,NATO,MK00,Albania,AL,2001,20010724
CVL,VILLAGE,BK,HRV,CROAT,BK,Bosnia-Herzegovina,BK,2001,20011130
ALB,ALBANIA,AL45,SCGSRB,SERBIA,RI00,"Elez, GjirokastëAL, Albania",AL45,2001,20010104
IGOEUREEC,THE EUROPEAN UNION,BE11,,,,"Jerusalem, Israel (general), Israel",IS00,2001,20010224
HRVGOV,CROATIA,HR08,HRV,CROATIA,RB,"Donji Lapac, Licko-Senjska, Croatia",HR08,2001,20010706
MIL,ARMY,RI00,MILMIL,ARMY,RI00,"Veliki Trnovac, , Serbia",RI00,2001,20010329
PSE,PALESTINE,USDC,,,,"Washington, District of Columbia, United States",USDC,2001,20010726
ALB,ALBANIAN,AL,srp,SERBS,RB,Albania,AL,2001,20010131
CVL,ETHNIC GROUP,BK02,HRV,CROAT,HR,"Banja Luka, Republika Srpska, Bosnia-Herzegovina",BK02,2001,20010507
ALB,ALBANIAN,MK00,MKD,MACEDONIA,MK00,"Tanusevci, Macedonia (general), Macedonia",MK00,2001,20010228
GOV,PRESIDENT,NL07,HRV,CROAT,HR,Croatia,HR,2001,20010905
ALB,ALBANIAN,RB00,srp,SERBS,RB00,"Belgrade, Serbia (general),",RB00,2001,20010218
,,,tts,TUTSI,RW09,"Kigali, (RW09), Rwanda",RW09,2001,20010826
ALB,ALBANIAN,MK,,,,,YI,2001,20010523
MKD,MACEDONIAN,MK,,,,Macedonia,MK,2001,20011210
OPP,PRISONER,UK,,,,"Prijedor, Republika Srpska, Bosnia-Herzegovina",BK02,2001,20010317
LEG,LEGISLATOR,NI43,NGA,NIGERIAN,NI43,"Taraba State, Taraba, Nigeria",NI43,2001,20011025
CAF,BANGUI,FR,,,,France,FR,2001,20010606
UIS,THE INTERNATIONAL COMMUNITY,RB,ALB,ALBANIAN,AL,Albania,AL,2001,20010318
ALB,ALBANIAN,AL40,,,,"Cipa, Berat, Albania",AL40,2001,20010531
CAF,BANGUI,CT18,,,,"Bangui, Bangui, Central African Republic",CT18,2001,20010605
srp,SERBS,RB00,,,,"Belgrade, Serbia (general),",RB00,2001,20010215
ALB,ALBANIAN,AL,MKDGOV,MACEDONIAN,MK,Albania,AL,2001,20010301
ALBUAF,ALBANIAN,AL,,,,Albania,AL,2001,20010814
UAF,TERRORIST,AL,,,,Albania,AL,2001,20010730
ARMGOV,ROBERT KOCHARYAN,AJ00,,,,"Nagornyy Karabakh, Azerbaijan (general), Azerbaijan",AJ00,2001,20010702
IDN,INDONESIA,ID00,REF,REFUGEE,ID00,"Samuda, Indonesia (general), Indonesia",ID00,2001,20010301
IRQ,IRAQ,IZ05,MOSSFI,SUFI,IZ05,"Haremi, Ankara, Turkey",TU68,2001,20010514
IRQ,KIRKUK,IZ05,GOV,REGIME,IZ05,"Halabjah, As Sulaymaniyah, Iraq",IZ05,2001,20010714
MKDGOV,MACEDONIA,MK00,MKD,MACEDONIAN,MK00,"Skopje, Macedonia (general), Macedonia",MK00,2001,20010725
ALB,ALBANIAN,RB00,srp,SERBS,AL,Albania,AL,2001,20010218
CVL,CIVILIAN,RB00,GOV,GOVERNMENT,RB00,"Belgrade, Serbia (general),",RB00,2001,20010312
srp,SERBS,AL,,,,Albania,AL,2001,20010214
UAF,TERRORIST,AL,,,,Albania,AL,2001,20010729
NLD,THE HAGUE,MK,JUD,TRIBUNAL,MK,Macedonia,MK,2001,20010725
USA,UNITED STATES,US,GOV,REGIME,IZ05,"Zarayan, As Sulaymaniyah, Iraq",IZ05,2001,20010714
srp,SERBS,HR21,,,,"Zagreb, Zagreb, Grad, Croatia",HR21,2001,20010504
IDN,INDONESIA,ID04,mad,MADURESE,ID04,"Jakarta, Jakarta Raya, Indonesia",ID04,2001,20010227
MED,SPOKESMAN,PK03,kas,KASHMIRI,IN12,"Kashmir, North-West Frontier, Pakistan",PK03,2001,20010711
PSE,PALESTINE,SF02,,,,"Durban, KwaZulu-Natal, South Africa",SF02,2001,20010726
USA,UNITED STATES,USVA,,,,"Virginia, United States",USVA,2001,20011208
,,,EUR,EUROPEAN,FRA8,"Versailles, Îe-de-France, France",FRA8,2001,20010514
ARM,ARMENIAN,AM,,,,Turkey,TU,2001,20010409
JUD,JUDGE,BN,,,,Benin,BN,2001,20010401
CVL,MINORITIES,PK03,PAKUAF,PAKISTANI,PK03,"Kashmir, North-West Frontier, Pakistan",PK03,2001,20010308
MIL,MILITARY,RB00,MOS,MUSLIM,BK01,"Ponte, Primorsko-Goranska, Croatia",HR12,2001,20010705
GOV,REGIME,AL,,,,Albania,AL,2001,20010314
MOS,MUSLIM,HR,HRV,CROAT,HR,Croatia,HR,2001,20010110
ALBRAD,ALBANIAN,MK,,,,Macedonia,MK,2001,20010710
ZWE,ZIMBABWE,ZI,,,,Zimbabwe,ZI,2001,20010824
SIK010,KHALSA,PK05,SIK,SIKH,PK05,"Lashkar, Sindh, Pakistan",PK05,2001,20010309
ALB,ALBANIAN,AL,MKD,MACEDONIA,MK00,Albania,AL,2001,20010627
GOV,PRESIDENT,BK,,,,,RB,2001,20010111
AZE,AZERBAIJAN,AJ09,MOS,MUSLIM,BK,Kosovo,KV,2001,20010702
MOSSFI,SUFI,IZ18,IRQGOV,IRAQI,IZ18,"Tuz Khurmatu, Sala? ad Din, Iraq",IZ18,2001,20010325
RUS,RUSSIA,RS48,ALB,ALBANIAN,RS48,"Moscow, Moskva, Russia",RS48,2001,20010617
GBR,UNITED KINGDOM,UKH9,,,,"London, London, City of, United Kingdom",UKH9,2001,20010424
UIS,THE INTERNATIONAL COMMUNITY,AL,,,,Albania,AL,2001,20010414
GOV,GOVERNMENT,LY,MED,MEDIA,LY,Libya,LY,2001,20010605
TUR,TURK,TU,CYPGOV,CYPRUS,CY04,Turkey,TU,2001,20010902
BEL,BRUSSELS,RB00,,,,"Belgrade, Serbia (general),",RB00,2001,20010629
USA,WASHINGTON,USDC,GOV,PRESIDENT,USDC,"Washington, District of Columbia, United States",USDC,2001,20010712
ARM,ARMENIAN,AJ61,AZE,AZERBAIJAN,AM,"Nagornyy Karabakh, Azerbaijan (general), Azerbaijan",AJ00,2001,20010227
GOV,PRESIDENT,BK01,,,,"Banja, Federation of Bosnia and Herzegovina, Bosnia-Herzegovina",BK01,2001,20010108
HIN,HINDU,IN36,UAF,MILITANT,IN36,"Kashmir, North-West Frontier, Pakistan",PK03,2001,20010830
IRN,IRAN,IR34,,,,"Iraq, Markazi, Iran",IR34,2001,20011214
AGR,FARMER,ZI04,GOV,PRESIDENT,ZI04,"Harare, Mashonaland East, Zimbabwe",ZI04,2001,20010824
RUS,RUSSIA,RB,srp,SERBS,RB,,RB,2001,20010216
JUD,TRIBUNAL,US,GOV,SECURITY COUNCIL,US,United States,US,2001,20010222
JUD,JUDGE,BK01,,,,"Ahmici, Federation of Bosnia and Herzegovina, Bosnia-Herzegovina",BK01,2001,20010226
IGOUNO,THE SECURITY COUNCIL,BK02,JUD,TRIBUNAL,BK02,"Foca, Republika Srpska, Bosnia-Herzegovina",BK02,2001,20010222
MKDCVL,MACEDONIAN,MK00,CVL,VILLAGE,MK00,"Skopje, Macedonia (general), Macedonia",MK00,2001,20010725
MKD,MACEDONIA,MKE8,,,,"Tetovo, Tetovo, Macedonia",MKE8,2001,20010725
GOV,PRESIDENT,RB00,,,,"Belgrade, Serbia (general),",RB00,2001,20010111
MKDGOV,FYROM,MK,,,,Macedonia,MK,2001,20010826
GOVHRI,HUMAN RIGHTS COMMISSION,ID13,IDN,INDONESIA,ID13,"Sampit, Kalimantan Tengah, Indonesia",ID13,2001,20010224
MED,CORRESPONDENT,IZ11,,,,"Koy Sinjaq, Liwa' Irbil, Iraq",IZ11,2001,20010415
COP,POLICE FORCE,NI11,,,,"Abuja, Abuja Federal Capital Territory, Nigeria",NI11,2001,20010314
GOV,GOVERNMENT,SO02,SOM,SOMALIA,SO02,"Mogadishu, Banaadir, Somalia",SO02,2001,20010726
UGA,UGANDA,UG40,,,,"Hima, Kasese, Uganda",UG40,2001,20010430
GOV,PRESIDENT,BK02,,,,"Belgrade, Serbia (general),",RB00,2001,20010111
LEG,PARLIAMENTARIAN,NI26,NGA,NIGERIA,NI26,"Benue State, Benue, Nigeria",NI26,2001,20011026
ARM,ARMENIAN,AM,AZE,AZERBAIJANI,AJ00,"Nagornyy Karabakh, Azerbaijan (general), Azerbaijan",AJ00,2001,20010825
ISR,ISRAELI,IS,PSE,PALESTINIAN,IS,Israel,IS,2001,20010424
HRV,CROATIAN,HR21,,,,Bosnia-Herzegovina,BK,2001,20010706
CHN,CANTON,HR,ALB,ALBANIAN,AL,Albania,AL,2001,20010530
srp,SERBS,RB,,,,"Republika Srpska, Republika Srpska, Bosnia-Herzegovina",BK02,2001,20010905
IRQ,IRAQ,IZ07,,,,"Baghdad, Baghdad, Iraq",IZ07,2001,20011102
ALB,ALBANIA,MK00,MKDCOP,MACEDONIA,MK00,"Skopje, Macedonia (general), Macedonia",MK00,2001,20010831
ALBCVL,ALBANIAN,RI00,,,,"Novi Sad, , Serbia",RI00,2001,20010318
USA,UNITED STATES,USNC,,,,"Asheville, North Carolina, United States",USNC,2001,20011208
ALBUAF,ALBANIAN,AL,MKDLEG,MACEDONIAN,MK00,Albania,AL,2001,20010727
IRQ,IRAQI,IZ13,IRQGOV,IRAQ,IZ13,"Kirkuk, At Ta'mim, Iraq",IZ13,2001,20011223
ALB,ALBANIAN,RB00,MIL,MILITARY,AL,"Belgrade, Serbia (general),",RB00,2001,20011212
MKD,MACEDONIAN,MK,,,,Albania,AL,2001,20010608
FRA,FRENCH,MK,,,,Macedonia,MK,2001,20010813
CVL,COMMUNITY,PK,,,,Pakistan,PK,2001,20010830
MOS,MUSLIM,BK02,COP,POLICE,BK02,"Banja Luka, Republika Srpska, Bosnia-Herzegovina",BK02,2001,20010601
RUS,VLADIMIR,RB00,HRV,CROATIA,HR04,"Belgrade, Serbia (general),",RB00,2001,20010804
ARM,ARMENIAN,AM,,,,Armenia,AM,2001,20010428
srp,SERBS,RB,,,,,RB,2001,20010727
IRQ,IRAQI,TU,IRQGOV,IRAQ,TU,Turkey,TU,2001,20011220
USA,AMERICAN,US,,,,"Nuba Mountains, Janub Kurdufan, Sudan",SU50,2001,20011127
AFR,AFRICA,ZI,ZWE,ZIMBABWE,ZI,Zimbabwe,ZI,2001,20010814
PSE,PALESTINIAN,IS00,,,,"Jerusalem, Israel (general), Israel",IS00,2001,20010910
ITA,ITALY,IT07,NLD,THE HAGUE,RB00,"Belgrade, Serbia (general),",RB00,2001,20010330
,,,ALB,ALBANIAN,AL,Albania,AL,2001,20010407
ALB,ALBANIAN,AL,MKDGOV,MACEDONIA,AL,Albania,AL,2001,20010301
GOV,PRESIDENT,BK02,,,,"Republika Srpska, Republika Srpska, Bosnia-Herzegovina",BK02,2001,20010111
GOV,GOVERNMENT,CT18,,,,"Bangui, Bangui, Central African Republic",CT18,2001,20010606
GOV,GOVERNMENT,CT18,MLI,MALI,ML,"Bangui, Bangui, Central African Republic",CT18,2001,20010528
PSE,PALESTINIAN,IS00,,,,"Jerusalem, Israel (general), Israel",IS00,2001,20010503
MOSSFI,SUFI,TU68,IRQ,KIRKUK,TU68,"Haremi, Ankara, Turkey",TU68,2001,20010514
GOV,MINIST,FR,ALB,ALBANIAN,AL,Albania,AL,2001,20010828
MOS,MUSLIM,BK02,HRV,CROAT,BK02,,RB,2001,20011003
LEG,LEGISLATOR,NI26,NGA,NIGERIA,NI00,United States,US,2001,20011025
GRC,GREECE,CY,TUR,TURKISH,CY,Cyprus,CY,2001,20010322
IRQ,IRAQI,IZ,IRQGOV,IRAQ,IZ,Iraq,IZ,2001,20011223
CVL,POPULATION,RB,,,,,RB,2001,20010823
IRQ,KIRKUK,US,GOV,REGIME,US,United States,US,2001,20010714
MKD,MACEDONIAN,BU52,MKDGOV,MACEDONIAN,BU52,"Tetovo, Razgrad, Bulgaria",BU52,2001,20011229
IRQ,IRAQI,IZ13,IRQGOV,IRAQ,IZ13,"Kirkuk, At Ta'mim, Iraq",IZ13,2001,20011229
ALB,ALBANIAN,AL,srp,SERBS,AL,,RB,2001,20010131
ALB,ALBANIA,AL,srp,SERBS,AL,Albania,AL,2001,20010221
MKD,MACEDONIA,MK,,,,Macedonia,MK,2001,20010627
MOS,MUSLIM,RB,HRV,CROAT,RB,,RB,2001,20011009
ALBUAF,ALBANIA,MKD4,MKD,MACEDONIA,AL,"Gostivar, Gostivar, Macedonia",MKD4,2001,20010727
,,,MOS,MUSLIM,NL07,"Amsterdam, Noord-Holland, Netherlands",NL07,2001,20010905
ALB,ALBANIAN,AL,,,,Kosovo,KV,2001,20010302
CVL,CITIZEN,MK00,MKD,MACEDONIA,MK00,"Shkup, Macedonia (general), Macedonia",MK00,2001,20010614
CVL,SETTLEMENT,SF02,ZAF,DURBAN,SF02,"Durban, KwaZulu-Natal, South Africa",SF02,2001,20010726
GOV,DICTATOR,ZI05,,,,"Mashonaland West, Mashonaland West, Zimbabwe",ZI05,2001,20010814
IRQ,KIRKUK,IZ05,,,,"Penjwin, As Sulaymaniyah, Iraq",IZ05,2001,20011118
NGA,NIGERIA,NI26,,,,"Benue State, Benue, Nigeria",NI26,2001,20011106
ALBRAD,ALBANIAN,RB00,MKD,SKOPJE,MK00,"Kosovo, Macedonia (general), Macedonia",MK00,2001,20010219
HRV,ZAGREB,HR21,HRVJUD,CROATIAN,HR21,"Zagreb, Zagreb, Grad, Croatia",HR21,2001,20010706
MKD,MACEDONIAN,AL,MKDEDU,MACEDONIA,AL,Albania,AL,2001,20010608
IGOUNO,THE UN,RB,srp,SERBS,AL,Albania,AL,2001,20010131
EDU,PROFESSOR,RB00,HRV,CROATIA,HR12,"Belgrade, Serbia (general),",RB00,2001,20011023
MILCOP,MILITARY POLICE,RB,,,,,RB,2001,20010715
srp,SERBS,RB,,,,"Washington, District of Columbia, United States",USDC,2001,20010628
ALB,ALBANIAN,AL46,,,,"Varvare, Qarku Korce, Albania",AL46,2001,20010726
IRQGOV,IRAQI,IZ05,GOV,MINIST,IZ05,"Halabja, As Sulaymaniyah, Iraq",IZ05,2001,20010919
MED,MEDIA,USDC,IGOMEAARL,ARAB LEAGUE,USDC,"Washington, District of Columbia, United States",USDC,2001,20010712
JUD,TRIBUNAL,USNJ,,,,Rwanda,RW,2001,20010722
MOSSFI,SUFI,NL,IRQ,IRAQI,NL,Netherlands,NL,2001,20010325
AZECVL,AZERBAIJANI,AJ00,ARM,ARMENIAN,AM,"Nagornyy Karabakh, Azerbaijan (general), Azerbaijan",AJ00,2001,20010428
IRQ,IRAQI,IZ11,,,,"Rawanduz, Liwa' Irbil, Iraq",IZ11,2001,20010811
ALB,ALBANIAN,MK00,MKD,MACEDONIA,MK00,"Skopje, Macedonia (general), Macedonia",MK00,2001,20010627
MED,MEDIA,MK00,CVL,POPULATION,MK00,"Vardar, Macedonia (general), Macedonia",MK00,2001,20010829
MOS,MUSLIM,BK,HRV,CROAT,BK,Bosnia-Herzegovina,BK,2001,20010830
srp,SERBS,HR,HRV,CROATIA,SZ,Switzerland,SZ,2001,20011114
ALBUAF,ALBANIAN,MK00,,,,"Skopje, Macedonia (general), Macedonia",MK00,2001,20010530
UAF,TERRORIST,MKE2,,,,Albania,AL,2001,20010729
GBR,UNITED KINGDOM,UKD5,,,,"Doncaster, Doncaster, United Kingdom",UKD5,2001,20010219
JEW,JEWISH,IS,ISR,ISRAEL,IS,Israel,IS,2001,20010904
MKDEDU,MACEDONIAN,MK,,,,Albania,AL,2001,20010608
srp,SERBS,RB,,,,,RB,2001,20010318
GOV,GOVERNMENT,CT18,MLI,MALI,ML,Mali,ML,2001,20010528
USA,UNITED STATES,USDC,,,,,YI,2001,20010510
CAF,CENTRAL AFRICAN REPUBLIC,CT,FRACVL,FRANCE,FRB9,"Paris, RhôAlpes, France",FRB9,2001,20010908
EGY,EGYPT,IS00,,,,"Jerusalem, Israel (general), Israel",IS00,2001,20010415
MKD,MACEDONIA,MK00,,,,"Skopje, Macedonia (general), Macedonia",MK00,2001,20010403
MKD,MACEDONIA,MK00,ALB,ALBANIAN,AL42,"Durres, Qarku i Durresit, Albania",AL42,2001,20010227
,,,VNM,VIETNAM,VM00,"South Vietnam, Vietnam (general), Vietnam, Republic Of",VM00,2001,20010126
MKDMED,MACEDONIAN,MK,MED,SPOKESMAN,AL,Albania,AL,2001,20010301
MED,MEDIA,MK00,ALB,ALBANIAN,AL,Albania,AL,2001,20010820
PSE,PALESTINIAN,USME,,,,"Maine, United States",USME,2001,20010213
,,,IRQ,IRAQ,IZ13,"Kirkuk, At Ta'mim, Iraq",IZ13,2001,20010907
ARM,ARMENIAN,AM,,,,Russia,RS,2001,20010327
MOS,MUSLIM,RB,,,,,RB,2001,20010809
MKD,MACEDONIA,MK00,ALB,ALBANIAN,AL,"Skopje, Macedonia (general), Macedonia",MK00,2001,20010627
CVL,VILLAGE,MK00,,,,"Semsevo, Macedonia (general), Macedonia",MK00,2001,20011114
CVL,CIVILIAN,RB00,GOV,GOVERNMENT,BK02,"Belgrade, Serbia (general),",RB00,2001,20010312
USALEG,NORTH CAROLINA,USNC,nba,NUBA,SU56,"Nuba, Shamal Kurdufan, Sudan",SU56,2001,20011213
ALBRAD,ALBANIAN,AL,,,,Albania,AL,2001,20010710
ARM,ARMENIAN,AM,ARMCVL,ARMENIA,AM,Armenia,AM,2001,20010323
MOS,MUSLIM,RB00,,,,"Prijedor, Republika Srpska, Bosnia-Herzegovina",BK02,2001,20011108
UAF,TERRORIST,USGA,,,,"Georgia, United States",USGA,2001,20011210
,,,ALB,ALBANIAN,AL,"Mariovo, Macedonia (general), Macedonia",MK00,2001,20011217
MIL,COMMANDER,AL,,,,Albania,AL,2001,20010406
CHN,CANTON,RB,ALB,ALBANIAN,AL,Albania,AL,2001,20010530
srp,SERBS,BK02,MOS,MUSLIM,HR,Croatia,HR,2001,20011127
GOV,MAYOR,RB00,HRV,CROAT,HR,Bosnia-Herzegovina,BK,2001,20010312
ALB,ALBANIAN,BK,EUR,EUROPEAN,BK,Bosnia-Herzegovina,BK,2001,20011103
LBR,LIBERIA,LI,EDU,SCHOOL,LI,Liberia,LI,2001,20010518
GOV,CABINET,CT18,CAF,BANGUI,CT18,"Bangui, Bangui, Central African Republic",CT18,2001,20010605
NLDGOV,NETHERLANDS,NL07,MOS,MUSLIM,HR,"Amsterdam, Noord-Holland, Netherlands",NL07,2001,20010905
,,,MOS,MUSLIM,HR,Croatia,HR,2001,20010905
MOS,MUSLIM,HR,HRV,CROAT,HR,,RB,2001,20010616
HRV,CROATIA,HR,,,,,RB,2001,20010520
IGOWSTNAT,NATO,MK,,,,Macedonia,MK,2001,20010322
srpCHR,SERBS,RB,IGOWSTNAT,NATO,SU,,RB,2001,20011027
CVL,COMMUNITY,SF,,,,South Africa,SF,2001,20010322
IRQ,KIRKUK,IZ13,,,,"Kirkuk, At Ta'mim, Iraq",IZ13,2001,20011226
MKDCVL,MACEDONIAN,MK00,CVL,VILLAGE,MK00,"Skopje, Macedonia (general), Macedonia",MK00,2001,20010724
RUS,RUSSIA,RS47,ALB,ALBANIA,AL46,"Korca, Qarku Korce, Albania",AL46,2001,20010601
HRV,CROATIAN,HR,MOS,MUSLIM,HR,Croatia,HR,2001,20010509
MOS,MUSLIM,HR,HRV,CROAT,HR,Croatia,HR,2001,20010829
JUD,TRIBUNAL,US,GOV,SECURITY COUNCIL,US,United States,US,2001,20010221
JUD,TRIBUNAL,BK02,GOV,GOVERNMENT,RB00,"Belgrade, Serbia (general),",RB00,2001,20010313
,,,ALB,ALBANIAN,RI00,Albania,AL,2001,20010407
,,,NLD,NETHERLANDS,NL07,"Amsterdam, Noord-Holland, Netherlands",NL07,2001,20011123
ALB,ALBANIAN,AL,,,,Albania,AL,2001,20010627
SCGSRB,SERBIA,RI,UIS,THE INTERNATIONAL COMMUNITY,RI,Serbia,RI,2001,20010414
USA,AMERICAN,US,,,,United States,US,2001,20011127
GOV,AUTHORITIES,ID00,IDN,INDONESIAN,ID00,"Borneo, Indonesia (general), Indonesia",ID00,2001,20010301
USALEG,UNITED STATES,USNC,SDN,SUDAN,SU56,"Nuba, Shamal Kurdufan, Sudan",SU56,2001,20011213
ALB,ALBANIAN,AL,,,,Albania,AL,2001,20010814
AGR,FARMER,AS,,,,Australia,AS,2001,20010817
SIK,SIKH,PK,,,,Pakistan,PK,2001,20010206
ALB,ALBANIAN,AL40,REF,DISPLACED PEOPLE,AL40,"Manastir, Berat, Albania",AL40,2001,20010729
IGOEUREEC,THE EUROPEAN UNION,BE11,,,,"Brussels, Bruxelles-Capitale, Belgium",BE11,2001,20010224
GOV,AUTHORITIES,ID00,IDN,INDONESIAN,ID00,"Madura, Indonesia (general), Indonesia",ID00,2001,20010228
MKD,MACEDONIA,MK00,ALB,ALBANIA,AL,"Mariovo, Macedonia (general), Macedonia",MK00,2001,20011217
ARMGOV,ROBERT KOCHARYAN,AJ00,AZE,AZERBAIJAN,AJ00,"Nagornyy Karabakh, Azerbaijan (general), Azerbaijan",AJ00,2001,20010702
SCGSRBMIL,SERBIA,RI00,MILMIL,ARMY,RI00,"Veliki Trnovac, , Serbia",RI00,2001,20010329
ISR,ISRAEL,GZ,COP,POLICE,IS00,"Jerusalem, Israel (general), Israel",IS00,2001,20011003
kur,KURD,TU,,,,Turkey,TU,2001,20010321
HRV,CROAT,BK02,MOS,MUSLIM,BK02,,RB,2001,20010222
idg,INDIGENOUS,ID00,madREF,MADURESE,ID00,"Madura, Indonesia (general), Indonesia",ID00,2001,20010227
day,DAYAK,ID13,,,,"Palangkaraya, Kalimantan Tengah, Indonesia",ID13,2001,20010309
CVL,COMMUNITY,IN12,,,,"Kashmir, Jammu and Kashmir, India",IN12,2001,20010830
LEG,LEGISLATOR,NI26,CVL,ETHNIC GROUP,NI26,"Benue State, Benue, Nigeria",NI26,2001,20011026
EUR,EUROPE,RB00,,,,"Belgrade, Serbia (general),",RB00,2001,20010329
SDN,SUDAN,SU56,GOV,GOVERNMENT,SU56,"Nuba, Shamal Kurdufan, Sudan",SU56,2001,20011213
srp,SERBS,AL,,,,Albania,AL,2001,20010829
ALB,ALBANIA,AL,IGOWSTNAT,NATO,AL,Albania,AL,2001,20010731
HRV,CROATIA,HR,,,,"Banja Luka, Republika Srpska, Bosnia-Herzegovina",BK02,2001,20010520
MKDCVL,MACEDONIAN,MK00,MKD,MACEDONIA,MK00,"Skopje, Macedonia (general), Macedonia",MK00,2001,20010724
LEG,LEGISLATOR,NI26,CVL,ETHNIC GROUP,NI00,"Benue, Nigeria (general), Nigeria",NI00,2001,20011026
NGAGOV,NIGERIAN,NI45,NGA,NIGERIA,NI45,"Abia State, Abia, Nigeria",NI45,2001,20010618
JUD,JUDGE,,,,,,,2001,20010226
ISR,ISRAEL,IS,,,,Israel,IS,2001,20010712
IGOUNO,THE UN,RB,ALB,ALBANIAN,AL,Albania,AL,2001,20010131
JUD,PROSECUTOR,BK02,MOS,MUSLIM,BK02,"Trnopolje, Republika Srpska, Bosnia-Herzegovina",BK02,2001,20010323
ALB,ALBANIAN,AL,,,,Albania,AL,2001,20010710
PSEGOV,PALESTINIAN,IS,PSE,PALESTINIAN,IS,Israel,IS,2001,20010416
GRC,GREECE,GR00,,,,United States,US,2001,20010615
ALB,ALBANIAN,MK00,,,,"Radusa, Macedonia (general), Macedonia",MK00,2001,20010813
HRV,CROATIA,HR,,,,,RB,2001,20011003
MKD,MACEDONIA,MK00,,,,"Skoplje, Macedonia (general), Macedonia",MK00,2001,20010315
RUS,MOSCOW,RS20,RUSMIL,RUSSIA,RS48,"Moscow, Moskva, Russia",RS48,2001,20010224
MKD,MACEDONIA,GM,MKDCVL,MACEDONIAN,MK,Macedonia,MK,2001,20010728
srp,SERBS,RB,,,,Bosnia-Herzegovina,BK,2001,20010628
GOV,PRESIDENT,EN01,CHN,TIBET,EN01,"Tallinn, Harjumaa, Estonia",EN01,2001,20010310
EUR,EUROPEAN,HU05,,,,"Budapest, Budapest, Hungary",HU05,2001,20011108
CVL,SETTLEMENT,SF02,AFR,AFRICA,SF02,"Durban, KwaZulu-Natal, South Africa",SF02,2001,20010726
HRV,CROATIA,HR21,,,,"Belgrade, Serbia (general),",RB00,2001,20010301
MKD,MACEDONIAN,MK00,,,,"Shkup, Macedonia (general), Macedonia",MK00,2001,20010615
NLDGOV,NETHERLANDS,NL07,HRV,CROAT,NL07,"Amsterdam, Noord-Holland, Netherlands",NL07,2001,20010905
MIL,MILITARY,RB00,HRV,CROATIA,HR12,"Ponte, Primorsko-Goranska, Croatia",HR12,2001,20010704
MOS,MUSLIM,BK01,,,,"Celebici, Federation of Bosnia and Herzegovina, Bosnia-Herzegovina",BK01,2001,20010809
ALB,ALBANIAN,AL,ALBUAF,ALBANIA,AL,Albania,AL,2001,20010823
ALB,ALBANIA,AL,,,,"Maja, , Kosovo",KV00,2001,20010309
GOV,FOREIGN MINIST,AL,,,,"New York, United States",USNY,2001,20010601
RUS,RUSSIA,CH30,,,,"Changqing, Guangdong, China",CH30,2001,20010817
MKD,MACEDONIA,MK00,,,,"Macedonia, Macedonia (general), Macedonia",MK00,2001,20011206
GOV,GOVERNMENT,AL,ALB,ALBANIAN,AL,Albania,AL,2001,20010801
haz,HAZARA,AF10,UZB,UZBEKISTAN,UZ,"Hazaras, Helmand, Afghanistan",AF10,2001,20010102
NGA,NIGERIA,NI26,NGALEG,NIGERIA,US,United States,US,2001,20011026
RUS,RUSSIAN,RSJA,CVL,VILLAGE,RSCI,"Sernovodsk, RSJA, Russia",RSJA,2001,20010713
ISR,ISRAELI,IS05,PSE,PALESTINE,IS05,"Tel Aviv, Tel Aviv, Israel",IS05,2001,20010412
RUS,RUSSIA,RS17,,,,"Chechen, Dagestan, Russia",RS17,2001,20010224
USA,NEW YORK,USNY,,,,"New York, United States",USNY,2001,20010130
BTNREF,BHUTANESE,BT,nep,NEPALI,BT,Bhutan,BT,2001,20010522
IDN,KALIMANTAN,ID12,COP,POLICE,ID12,"South Kalimantan, Kalimantan Selatan, Indonesia",ID12,2001,20010228
UAF,GUNMEN,AL,,,,"Belgrade, Serbia (general),",RB00,2001,20010321
AZE,AZERBAIJANI,AJ00,ARM,ARMENIA,AM,"Nagornyy Karabakh, Azerbaijan (general), Azerbaijan",AJ00,2001,20010428
GOV,MINIST,IS02,ISR,ISRAELI,IS02,"Yibna, HaMerkaz, Israel",IS02,2001,20010830
MKD,SKOPJE,MK00,,,,"Skopje, Macedonia (general), Macedonia",MK00,2001,20010725
CVL,POPULATION,HR,srp,SERBS,BK02,"Republika Srpska, Republika Srpska, Bosnia-Herzegovina",BK02,2001,20010709
IRQ,KIRKUK,IZ05,,,,"Darband-I-Khan, As Sulaymaniyah, Iraq",IZ05,2001,20011028
UISLEG,THE INTERNATIONAL COMMUNITY,CH,MKD,MACEDONIAN,CH,China,CH,2001,20011211
LEG,DELEGATE,IS,PSE,PALESTINIAN,IS,Israel,IS,2001,20010907
JEW,JEWISH,US,CVL,POPULATION,AG,United States,US,2001,20010810
znd,AZERI,AJ00,,,,"Nagornyy Karabakh, Azerbaijan (general), Azerbaijan",AJ00,2001,20010702
GOV,GOVERNMENT,IZ05,,,,"Kalar, As Sulaymaniyah, Iraq",IZ05,2001,20010726
SCGSRB,SERBIA,RI00,,,,"Vojvodina, , Serbia",RI00,2001,20010117
ALB,ALBANIAN,AL,,,,Albania,AL,2001,20010712
CRMJUD,CRIMINAL,NL,,,,,YI,2001,20010626
GOV,GOVERNMENT,AF11,AFGCVL,AFGHANISTAN,AF11,"Herat, Herat, Afghanistan",AF11,2001,20011223
GOV,PRESIDENT,BK02,,,,"Banja Luka, Republika Srpska, Bosnia-Herzegovina",BK02,2001,20010110
CVL,ETHNIC GROUP,BK02,MOS,MUSLIM,BK02,"Banja Luka, Republika Srpska, Bosnia-Herzegovina",BK02,2001,20010507
MKD,MACEDONIAN,MK00,ALB,ALBANIAN,AL50,"Tirana, Tirane, Albania",AL50,2001,20010827
MOS,MUSLIM,KU,,,,Kuwait,KU,2001,20011104
MIL,ARMY,MK,,,,Albania,AL,2001,20010319
MOS,MUSLIM,BK02,HRV,CROAT,BK02,"Banja Luka, Republika Srpska, Bosnia-Herzegovina",BK02,2001,20010616
MOS,MUSLIM,BK02,HRV,CROAT,BK02,"Republika Srpska, Republika Srpska, Bosnia-Herzegovina",BK02,2001,20010829
NLDGOV,NETHERLANDS,NL07,HRV,CROAT,HR,"Amsterdam, Noord-Holland, Netherlands",NL07,2001,20010905
ZAF,DURBAN,SF02,,,,India,IN,2001,20010816
AFR,AFRICA,SF02,GOV,GOVERNMENT,SF02,"Nahariya, Ha?afon, Israel",IS03,2001,20010911
GBR,BRITISH,IT,,,,Italy,IT,2001,20011024
LEG,LEGISLATOR,US,NGA,NIGERIA,NI00,"Benue, Nigeria (general), Nigeria",NI00,2001,20011025
PSE,OCCUPIED TERRITORIES,AJ61,,,,"Xocali, Xank?ndi*, Azerbaijan",AJ61,2001,20010918
MOS,MUSLIM,HR12,HRV,CROAT,HR12,"Ponte, Primorsko-Goranska, Croatia",HR12,2001,20010830
ALBRAD,ALBANIAN,MK00,MKD,SKOPJE,AL,"Kosovo, Macedonia (general), Macedonia",MK00,2001,20010219
CVL,POPULATION,RB00,ALB,ALBANIAN,RS48,"Belgrade, Serbia (general),",RB00,2001,20010617
srp,SERBS,RB00,,,,"Belgrade, Serbia (general),",RB00,2001,20010710
NLDJUD,THE HAGUE,BK,bos,BOSNIAKS,RB,,RB,2001,20010109
HRV,CROAT,BK02,srp,SERBS,RB,,RB,2001,20010222
IRN,IRAN,BK02,,,,"Balkan, Republika Srpska, Bosnia-Herzegovina",BK02,2001,20011027
srp,SERBS,BK02,PTY,POLITICIAN,BK02,"Republika Srpska, Republika Srpska, Bosnia-Herzegovina",BK02,2001,20011008
JEW,JEWISH,IS00,CVL,POPULATION,IS00,"Jerusalem, Israel (general), Israel",IS00,2001,20010810
TUR,TURKISH,TU45,,,,"Cukurova, Manisa, Turkey",TU45,2001,20010115
srp,SERBS,RB,,,,"Trnopolje, Republika Srpska, Bosnia-Herzegovina",BK02,2001,20010318
CVL,POPULATION,HR04,NLDJUD,THE HAGUE,HR04,"Brijuni, Istarska, Croatia",HR04,2001,20010807
INT,INTERNATIONAL COMMUNITY,IN12,CVL,COMMUNITY,IN12,"Valley Of Kashmir, Jammu and Kashmir, India",IN12,2001,20010710
MKD,MACEDONIA,MKD4,ALB,ALBANIAN,MKD4,"Gostivar, Gostivar, Macedonia",MKD4,2001,20011213
LEG,LEGISLATOR,NI26,NGA,NIGERIA,NI43,"Benue State, Benue, Nigeria",NI26,2001,20011025
srp,SERBS,RB00,,,,"Belgrade, Serbia (general),",RB00,2001,20010422
EUR,EUROPE,USDC,GOV,PRESIDENT,USDC,"Washington, District of Columbia, United States",USDC,2001,20010712
MOS,MUSLIM,RB,,,,,RB,2001,20010906
GOVREB,GOVERNMENT,GR35,REB,GUERRILLA,GR35,"Athens, AttikíR, Greece",GR35,2001,20010726
SCGSRB,SERBIA,RI,,,,Serbia,RI,2001,20010404
MOS,MUSLIM,BK02,srp,SERBS,BK02,"Susica, Republika Srpska, Bosnia-Herzegovina",BK02,2001,20010222
MED,NEWSPAPER,IZ14,IRQ,KIRKUK,IZ08,"Dohuk, Dahuk, Iraq",IZ08,2001,20011211
CVL,ETHNIC GROUP,NI00,,,,"Fulani, Nigeria (general), Nigeria",NI00,2001,20011219
ALB,ALBANIAN,NL,MKD,MACEDONIA,NL,Netherlands,NL,2001,20010627
HRV,CROATIA,HR12,EDU,PROFESSOR,RB00,"Ponte, Primorsko-Goranska, Croatia",HR12,2001,20011023
MKD,MACEDONIAN,MK00,,,,"Mala Recica, Macedonia (general), Macedonia",MK00,2001,20010831
MKDGOV,MACEDONIAN,MKE2,,,,"Ohrid, Ohrid, Macedonia",MKE2,2001,20010601
RUS,VLADIMIR,RB00,srp,SERBS,RB00,"Belgrade, Serbia (general),",RB00,2001,20010804
,,,MOS,MUSLIM,HR,"Amsterdam, Noord-Holland, Netherlands",NL07,2001,20010905
PSE,PALESTINIAN,IS,CRMJUD,CRIMINAL,IS,Israel,IS,2001,20010712
TUR,TURKISH,FR97,,,,"France, Aquitaine, France",FR97,2001,20010115
GOV,HIGH OFFICIAL,HR04,srp,SERBS,USDC,"Ravni, Istarska, Croatia",HR04,2001,20010804
IRQ,KIRKUK,IZ13,IRQGOV,IRAQI,IZ13,"Kirkuk, At Ta'mim, Iraq",IZ13,2001,20010907
GOV,GOVERNMENT,MX11,ZWE,ZIMBABWE,ZI05,"Mashonaland West, Mashonaland West, Zimbabwe",ZI05,2001,20010817
NLDGOV,NETHERLANDS,NL07,MOS,MUSLIM,NL07,"Amsterdam, Noord-Holland, Netherlands",NL07,2001,20010905
GOV,GOVERNMENT,SO02,CVL,CIVILIAN,SO02,"Mogadishu, Banaadir, Somalia",SO02,2001,20010726
kur,KURD,IZ07,,,,"Baghdad, Baghdad, Iraq",IZ07,2001,20010321
MED,MEDIA,MK00,ALB,ALBANIAN,MK00,"Shkup, Macedonia (general), Macedonia",MK00,2001,20010820
SCGSRB,SERBIA,HR,,,,"Novi Sad, , Serbia",RI00,2001,20010528
PSEREB,PALESTINIAN,MK,MKD,MACEDONIA,MK,Macedonia,MK,2001,20010920
CVL,POPULATION,USDC,PSE,PALESTINE,USDC,"Washington, District of Columbia, United States",USDC,2001,20010726
ALB,ALBANIA,AL,,,,Albania,AL,2001,20010131
HRV,CROAT,HR,,,,Croatia,HR,2001,20010416
UAF,TERRORIST,PK,PAK,PAKISTAN,PK,Pakistan,PK,2001,20010809
MOS,MUSLIM,BK01,srp,SERBS,BK01,"Sarajevo, Federation of Bosnia and Herzegovina, Bosnia-Herzegovina",BK01,2001,20010110
PSE,PALESTINIAN,EG11,ISRGOV,ARIEL SHARON,IS00,"Jerusalem, Israel (general), Israel",IS00,2001,20010711
ISR,ISRAEL,IS00,COP,POLICE,IS00,"Jerusalem, Israel (general), Israel",IS00,2001,20011003
IRQGOV,IRAQI,IZ13,IRQ,KIRKUK,IZ13,"Kirkuk, At Ta'mim, Iraq",IZ13,2001,20011223
EUR,EUROPEAN,RO10,,,,"Bucharest, Bucuresti, Romania",RO10,2001,20011108
MKD,MACEDONIA,MK00,,,,"Vardar, Macedonia (general), Macedonia",MK00,2001,20010829
ALBUAF,ALBANIA,AL,MKD,MACEDONIAN,MK,Macedonia,MK,2001,20010726
GOV,PRESIDENT,BK,,,,Bosnia-Herzegovina,BK,2001,20010109
HRV,CROATIAN,BK,MOS,MUSLIM,BK,Bosnia-Herzegovina,BK,2001,20010509
GOV,PRESIDENT,BK01,,,,"Sarajevo, Federation of Bosnia and Herzegovina, Bosnia-Herzegovina",BK01,2001,20010109
MMRELI,NE WIN,BM11,MMRMIL,BURMESE,BM11,"Shan State, Shan State, Myanmar",BM11,2001,20010117
MKD,SKOPJE,MK00,,,,"Skoplje, Macedonia (general), Macedonia",MK00,2001,20010227
GOV,REGIME,RB00,,,,Albania,AL,2001,20010108
ALB,ALBANIAN,LY,IGOUNOHRIHCHJUD,LOUISE ARBOUR,IS05,"Tel Aviv, Tel Aviv, Israel",IS05,2001,20010701
GOV,PRESIDENT,RB,,,,,RB,2001,20010110
MOS,MUSLIM,RB,GOV,ADMINISTRATION,RB,,RB,2001,20010906
ALB,ALBANIAN,AL48,,,,"Sanxhak, Qarku i Lezhes, Albania",AL48,2001,20010609
IRQ,KIRKUK,IZ05,,,,"Zhala, As Sulaymaniyah, Iraq",IZ05,2001,20011226
IRQGOV,IRAQI,IZ13,,,,"Kirkuk, At Ta'mim, Iraq",IZ13,2001,20010807
MIL,ARMY,MK00,,,,"Istok, Macedonia (general), Macedonia",MK00,2001,20011106
CVL,POPULATION,RB00,ALB,ALBANIAN,AL,"Belgrade, Serbia (general),",RB00,2001,20010304
MKD,MACEDONIAN,MK,MKDEDU,MACEDONIA,MK,Albania,AL,2001,20010608
HRV,CROAT,RB,,,,Croatia,HR,2001,20010929
IRQGOV,IRAQI,IZ05,kur,KURD,IZ05,"Bakrajo, As Sulaymaniyah, Iraq",IZ05,2001,20011220
GOV,PRESIDENT,NL07,MOS,MUSLIM,HR,Croatia,HR,2001,20010905
SCGSRB,SERBIA,RI00,,,,"Presevo, , Serbia",RI00,2001,20010828
MOS,MUSLIM,TU00,TURCVL,TURKISH,TU00,"Eastern Thrace, Turkey (general), Turkey",TU00,2001,20010103
,,,GOV,MAYOR,BK02,"Bosanski Samac, Republika Srpska, Bosnia-Herzegovina",BK02,2001,20010323
ARM,ARMENIAN,AM,AZE,AZERBAIJANI,AJ00,Armenia,AM,2001,20010316
USA,UNITED STATES,US,IGOWSTNAT,NATO,US,United States,US,2001,20010615
GOV,GOVERNMENT,BK02,,,,"Trnopolje, Republika Srpska, Bosnia-Herzegovina",BK02,2001,20010715
UIS,THE INTERNATIONAL COMMUNITY,MK00,,,,"Skopje, Macedonia (general), Macedonia",MK00,2001,20010320
srp,SERBS,NL11,NLD,THE HAGUE,NL11,"The Hague, Zuid-Holland, Netherlands",NL11,2001,20010105
ALBRAD,ALBANIAN,RB00,MKD,MACEDONIA,MK00,"Belgrade, Serbia (general),",RB00,2001,20010219
MIL,ARMY,AL,,,,Albania,AL,2001,20010307
TUR,TURKISH,GR,CYP,CYPRIOT,GR,Greece,GR,2001,20010715
SCGSRB,SERBIA,HR,,,,Croatia,HR,2001,20010528
ISR,ISRAEL,IS,PSE,GAZA,GZ,Gaza Strip,GZ,2001,20011018
UIS,THE INTERNATIONAL COMMUNITY,RB,,,,,RB,2001,20010320
AZE,AZERBAIJANI,BO00,,,,"Yerevan, Yerevan*, Armenia",AM11,2001,20010713
UAF,TERRORIST,KS11,,,,"Seoul, Soul-t'ukpyolsi, South Korea",KS11,2001,20011109
MKD,MACEDONIAN,MK00,MED,SPOKESMAN,MK00,"Skopje, Macedonia (general), Macedonia",MK00,2001,20010725
ALB,ALBANIAN,AL,IGOUNOHRIHCHJUD,LOUISE ARBOUR,AL,Albania,AL,2001,20010701
MIL,MILITARY,RI,ALB,ALBANIAN,RI,Serbia,RI,2001,20010414
CRMJUD,CRIMINAL,YI,,,,,YI,2001,20010626
HRV,CROATIA,MK06,,,,"Bitola, Bitola, Macedonia",MK06,2001,20010921
GRC,GREEK,GR,TUR,TURKISH,CY,Cyprus,CY,2001,20010322
ARM,ARMENIA,AM11,,,,"Nagornyy Karabakh, Azerbaijan (general), Azerbaijan",AJ00,2001,20010702
MKD,MACEDONIAN,MK00,ALB,ALBANIAN,AL,Albania,AL,2001,20010727
NGALEG,NIGERIA,NI26,NGACVL,NIGERIA,NI00,"Benue, Nigeria (general), Nigeria",NI00,2001,20011026
RUS,RUSSIA,RSCI,CVL,VILLAGE,RSJA,"Sernovodsk, RSJA, Russia",RSJA,2001,20010713
AZE,AZERBAIJAN,AJ09,,,,"Washington, District of Columbia, United States",USDC,2001,20010702
NLD,THE HAGUE,BK02,COP,PRISON,BK02,"Bosanski Samac, Republika Srpska, Bosnia-Herzegovina",BK02,2001,20010731
zap,ZAPOTEC,MX25,CVL,ETHNIC GROUP,MX31,"San Mateo, YucatáMX, Mexico",MX31,2001,20010227
MOS,ISLAM,PK05,,,,"Kathwari, Sindh, Pakistan",PK05,2001,20010808
srp,SERBS,RB00,HRV,CROATIA,HR21,"Belgrade, Serbia (general),",RB00,2001,20010301
ALB,ALBANIAN,AL,,,,Albania,AL,2001,20010318
srp,SERBS,RB,NLD,THE HAGUE,NL11,,RB,2001,20010105
UIS,THE INTERNATIONAL COMMUNITY,RI,,,,Serbia,RI,2001,20010414
PSE,PALESTINIAN,EG11,EGY,EGYPT,EG11,Israel,IS,2001,20010711
JEW,JEWISH,IS00,CVL,POPULATION,US,United States,US,2001,20010810
IRQ,KIRKUK,IS00,,,,"Mandali, DiyaláZ, Iraq",IZ10,2001,20011226
IRQ,IRAQI,IZ05,,,,"Bakrajo, As Sulaymaniyah, Iraq",IZ05,2001,20011220
UISLEG,THE INTERNATIONAL COMMUNITY,MK00,MKD,MACEDONIAN,MK00,"Skopje, Macedonia (general), Macedonia",MK00,2001,20011211
MEX,MEXICO,MX11,AGR,FARMER,MX11,"Leon, Guanajuato, Mexico",MX11,2001,20010814
SCGSRB,SERBIA,RI00,,,,"Presheve, , Serbia",RI00,2001,20010104
MED,JOURNALIST,HR,,,,Croatia,HR,2001,20010817
IRQ,KIRKUK,ID,,,,Indonesia,ID,2001,20011102
HRVJUD,CROATIAN,RB,HRVCVL,CROATIA,HR21,,RB,2001,20010504
GOVHRI,HUMAN RIGHTS COMMISSION,ID13,MCOELI,ALBERT,ID13,"Sampit, Kalimantan Tengah, Indonesia",ID13,2001,20010224
ALB,ALBANIAN,AL,srp,SERBS,RB00,"Belgrade, Serbia (general),",RB00,2001,20010221
GOV,AUTHORITIES,ID00,IDN,INDONESIAN,ID00,"Madura, Indonesia (general), Indonesia",ID00,2001,20010228
day,DAYAK,ID04,mad,MADURESE,ID04,"Jakarta, Jakarta Raya, Indonesia",ID04,2001,20010309
zap,ZAPOTEC,MX31,CVL,ETHNIC GROUP,MX31,"San Mateo, YucatáMX, Mexico",MX31,2001,20010227
srp,SERBS,SZ07,,,,Croatia,HR,2001,20011003
HRV,CROATIA,HR,MOS,MUSLIM,HR,"Prijedor, Republika Srpska, Bosnia-Herzegovina",BK02,2001,20011012
IRQ,IRAQ,IZ05,IRN,KURDISTAN,IZ05,"Surdash, As Sulaymaniyah, Iraq",IZ05,2001,20010328
IRQ,KIRKUK,IZ10,,,,"Khanaqin, DiyaláZ, Iraq",IZ10,2001,20011226
HRV,CROATIA,RB,,,,,RB,2001,20010706
IRQGOV,IRAQI,IZ05,kur,KURD,IZ05,"Darband-I Khan, As Sulaymaniyah, Iraq",IZ05,2001,20010731
MIL,MILITARY,RB00,MOS,MUSLIM,HR12,"Ponte, Primorsko-Goranska, Croatia",HR12,2001,20010705
RUSCVL,RUSSIA,RSCI,CVL,VILLAGE,RSCI,"Sernovodsk, RSJA, Russia",RSJA,2001,20010713
